time,play_text,score_away,score_home,lineup_away
19:56:00,"stephane ingo, jumpball lost   ",0,0,"['byron ireland', ""ja'shonte wright-mcleish"", 'sam ihekwoaba', 'peter filipovity', 'kristians feierbergs']"
19:56:00,"keve aluma, jumpball won   ",0,0,"['byron ireland', ""ja'shonte wright-mcleish"", 'sam ihekwoaba', 'peter filipovity', 'kristians feierbergs']"
19:36:00,"justyn mutts, assist    ",0,3,"['byron ireland', ""ja'shonte wright-mcleish"", 'sam ihekwoaba', 'peter filipovity', 'kristians feierbergs']"
19:36:00,"nahiem alleyne, 3pt jumpshot   made",0,3,"['byron ireland', ""ja'shonte wright-mcleish"", 'sam ihekwoaba', 'peter filipovity', 'kristians feierbergs']"
19:08:00,"adefolalrin adetogun, 3pt jumpshot   missed",0,3,"['byron ireland', ""ja'shonte wright-mcleish"", 'sam ihekwoaba', 'peter filipovity', 'kristians feierbergs']"
19:05:00,"nahiem alleyne, rebound defensive   ",0,3,"['byron ireland', ""ja'shonte wright-mcleish"", 'sam ihekwoaba', 'peter filipovity', 'kristians feierbergs']"
18:59:00,"justyn mutts, 3pt jumpshot   missed",0,3,"['byron ireland', ""ja'shonte wright-mcleish"", 'sam ihekwoaba', 'peter filipovity', 'kristians feierbergs']"
18:55:00,"vukasin masic, rebound defensive   ",0,3,"['byron ireland', ""ja'shonte wright-mcleish"", 'sam ihekwoaba', 'peter filipovity', 'kristians feierbergs']"
18:43:00,"stephane ingo, turnover lostball   ",0,3,"['byron ireland', ""ja'shonte wright-mcleish"", 'sam ihekwoaba', 'peter filipovity', 'kristians feierbergs']"
18:33:00,"nahiem alleyne, 3pt pullupjumpshot fromturnover;  made",0,6,"['byron ireland', ""ja'shonte wright-mcleish"", 'sam ihekwoaba', 'peter filipovity', 'kristians feierbergs']"
18:12:00,"nahiem alleyne, steal    ",0,6,"['byron ireland', ""ja'shonte wright-mcleish"", 'sam ihekwoaba', 'peter filipovity', 'kristians feierbergs']"
18:12:00,"chris efretuei, turnover lostball   ",0,6,"['byron ireland', ""ja'shonte wright-mcleish"", 'sam ihekwoaba', 'peter filipovity', 'kristians feierbergs']"
18:08:00,"hunter cattoor, 3pt jumpshot fromturnover;  missed",0,6,"['byron ireland', ""ja'shonte wright-mcleish"", 'sam ihekwoaba', 'peter filipovity', 'kristians feierbergs']"
18:03:00,"lechaun duhart, rebound defensive   ",0,6,"['byron ireland', ""ja'shonte wright-mcleish"", 'sam ihekwoaba', 'peter filipovity', 'kristians feierbergs']"
17:54:00,"chris efretuei, foulon    ",0,6,"['byron ireland', ""ja'shonte wright-mcleish"", 'sam ihekwoaba', 'peter filipovity', 'kristians feierbergs']"
17:54:00,"ata turgut, substitution in   ",2,6,"['byron ireland', ""ja'shonte wright-mcleish"", 'sam ihekwoaba', 'peter filipovity', 'kristians feierbergs']"
17:54:00,"chris efretuei, substitution out   ",2,6,"['byron ireland', ""ja'shonte wright-mcleish"", 'sam ihekwoaba', 'peter filipovity', 'kristians feierbergs']"
17:54:00,"chris efretuei, freethrow 2of2   made",2,6,"['byron ireland', ""ja'shonte wright-mcleish"", 'sam ihekwoaba', 'peter filipovity', 'kristians feierbergs']"
17:54:00,"chris efretuei, freethrow 1of2   made",1,6,"['byron ireland', ""ja'shonte wright-mcleish"", 'sam ihekwoaba', 'peter filipovity', 'kristians feierbergs']"
17:54:00,"keve aluma, foul personal shooting;2freethrow;  ",0,6,"['byron ireland', ""ja'shonte wright-mcleish"", 'sam ihekwoaba', 'peter filipovity', 'kristians feierbergs']"
17:36:00,"keve aluma, 2pt layup pointsinthepaint;  made",2,8,"['byron ireland', ""ja'shonte wright-mcleish"", 'sam ihekwoaba', 'peter filipovity', 'kristians feierbergs']"
17:11:00,"lechaun duhart, 2pt drivinglayup pointsinthepaint;  missed",2,8,"['byron ireland', ""ja'shonte wright-mcleish"", 'sam ihekwoaba', 'peter filipovity', 'kristians feierbergs']"
17:08:00,"nahiem alleyne, rebound defensive   ",2,8,"['byron ireland', ""ja'shonte wright-mcleish"", 'sam ihekwoaba', 'peter filipovity', 'kristians feierbergs']"
17:00:00,"ata turgut, block    ",2,8,"['byron ireland', ""ja'shonte wright-mcleish"", 'sam ihekwoaba', 'peter filipovity', 'kristians feierbergs']"
17:00:00,"stephane ingo, rebound defensive   ",2,8,"['byron ireland', ""ja'shonte wright-mcleish"", 'sam ihekwoaba', 'peter filipovity', 'kristians feierbergs']"
17:00:00,"storm murphy, 2pt pullupjumpshot pointsinthepaint;blocked;  missed",2,8,"['byron ireland', ""ja'shonte wright-mcleish"", 'sam ihekwoaba', 'peter filipovity', 'kristians feierbergs']"
16:58:00,"ata turgut, foulon    ",2,8,"['byron ireland', ""ja'shonte wright-mcleish"", 'sam ihekwoaba', 'peter filipovity', 'kristians feierbergs']"
16:58:00,"storm murphy, foul personal   ",2,8,"['byron ireland', ""ja'shonte wright-mcleish"", 'sam ihekwoaba', 'peter filipovity', 'kristians feierbergs']"
16:39:00,"ja'shonte wright-mcleish, substitution in   ",2,8,"['byron ireland', ""ja'shonte wright-mcleish"", 'sam ihekwoaba', 'peter filipovity', 'kristians feierbergs']"
16:39:00,"ata turgut, turnover 3sec   ",2,8,"['byron ireland', ""ja'shonte wright-mcleish"", 'sam ihekwoaba', 'peter filipovity', 'kristians feierbergs']"
16:39:00,"adefolalrin adetogun, substitution out   ",2,8,"['byron ireland', ""ja'shonte wright-mcleish"", 'sam ihekwoaba', 'peter filipovity', 'kristians feierbergs']"
16:21:00,"hunter cattoor, assist    ",2,10,"['byron ireland', ""ja'shonte wright-mcleish"", 'sam ihekwoaba', 'peter filipovity', 'kristians feierbergs']"
16:21:00,"justyn mutts, 2pt turnaroundjumpshot fromturnover;pointsinthepaint;  made",2,10,"['byron ireland', ""ja'shonte wright-mcleish"", 'sam ihekwoaba', 'peter filipovity', 'kristians feierbergs']"
15:58:00,"vukasin masic, turnover lostball   ",2,10,"['byron ireland', ""ja'shonte wright-mcleish"", 'sam ihekwoaba', 'peter filipovity', 'kristians feierbergs']"
15:58:00,"storm murphy, steal    ",2,10,"['byron ireland', ""ja'shonte wright-mcleish"", 'sam ihekwoaba', 'peter filipovity', 'kristians feierbergs']"
15:55:00,"justyn mutts, 2pt dunk fromturnover;pointsinthepaint;fastbreak;  made",2,12,"['byron ireland', ""ja'shonte wright-mcleish"", 'sam ihekwoaba', 'peter filipovity', 'kristians feierbergs']"
15:55:00,"nahiem alleyne, assist    ",2,12,"['byron ireland', ""ja'shonte wright-mcleish"", 'sam ihekwoaba', 'peter filipovity', 'kristians feierbergs']"
15:53:00,"kristians feierbergs, substitution in   ",2,12,"['byron ireland', ""ja'shonte wright-mcleish"", 'sam ihekwoaba', 'peter filipovity', 'kristians feierbergs']"
15:53:00,"ata turgut, substitution out   ",2,12,"['byron ireland', ""ja'shonte wright-mcleish"", 'sam ihekwoaba', 'peter filipovity', 'kristians feierbergs']"
15:53:00,"team, timeout short   ",2,12,"['byron ireland', ""ja'shonte wright-mcleish"", 'sam ihekwoaba', 'peter filipovity', 'kristians feierbergs']"
15:27:00,"vukasin masic, 3pt pullupjumpshot   made",5,12,"['byron ireland', ""ja'shonte wright-mcleish"", 'sam ihekwoaba', 'peter filipovity', 'kristians feierbergs']"
15:03:00,"justyn mutts, 2pt layup pointsinthepaint;  made",5,14,"['byron ireland', ""ja'shonte wright-mcleish"", 'sam ihekwoaba', 'peter filipovity', 'kristians feierbergs']"
14:40:00,"lechaun duhart, 3pt pullupjumpshot   missed",5,14,"['byron ireland', ""ja'shonte wright-mcleish"", 'sam ihekwoaba', 'peter filipovity', 'kristians feierbergs']"
14:34:00,"kristians feierbergs, 2pt layup 2ndchance;pointsinthepaint;  made",7,14,"['byron ireland', ""ja'shonte wright-mcleish"", 'sam ihekwoaba', 'peter filipovity', 'kristians feierbergs']"
14:34:00,"kristians feierbergs, rebound offensive   ",5,14,"['byron ireland', ""ja'shonte wright-mcleish"", 'sam ihekwoaba', 'peter filipovity', 'kristians feierbergs']"
14:03:00,"justyn mutts, 2pt hookshot pointsinthepaint;  missed",7,14,"['byron ireland', ""ja'shonte wright-mcleish"", 'sam ihekwoaba', 'peter filipovity', 'kristians feierbergs']"
14:00:00,"stephane ingo, rebound defensive   ",7,14,"['byron ireland', ""ja'shonte wright-mcleish"", 'sam ihekwoaba', 'peter filipovity', 'kristians feierbergs']"
13:46:00,"stephane ingo, 2pt turnaroundjumpshot pointsinthepaint;blocked;  missed",7,14,"['byron ireland', ""ja'shonte wright-mcleish"", 'sam ihekwoaba', 'peter filipovity', 'kristians feierbergs']"
13:46:00,"keve aluma, block    ",7,14,"['byron ireland', ""ja'shonte wright-mcleish"", 'sam ihekwoaba', 'peter filipovity', 'kristians feierbergs']"
13:39:00,"nahiem alleyne, rebound defensive   ",7,14,"['byron ireland', ""ja'shonte wright-mcleish"", 'sam ihekwoaba', 'peter filipovity', 'kristians feierbergs']"
13:35:00,"hunter cattoor, 2pt drivinglayup pointsinthepaint;  made",7,16,"['byron ireland', ""ja'shonte wright-mcleish"", 'sam ihekwoaba', 'peter filipovity', 'kristians feierbergs']"
13:14:00,"stephane ingo, 3pt jumpshot   missed",7,16,"['byron ireland', ""ja'shonte wright-mcleish"", 'sam ihekwoaba', 'peter filipovity', 'kristians feierbergs']"
13:11:00,"team, rebound offensive team;  ",7,16,"['byron ireland', ""ja'shonte wright-mcleish"", 'sam ihekwoaba', 'peter filipovity', 'kristians feierbergs']"
13:11:00,"keve aluma, substitution out   ",7,16,"['byron ireland', ""ja'shonte wright-mcleish"", 'sam ihekwoaba', 'peter filipovity', 'kristians feierbergs']"
13:11:00,"hunter cattoor, substitution out   ",7,16,"['byron ireland', ""ja'shonte wright-mcleish"", 'sam ihekwoaba', 'peter filipovity', 'kristians feierbergs']"
13:11:00,"peter filipovity, substitution in   ",7,16,"['byron ireland', ""ja'shonte wright-mcleish"", 'sam ihekwoaba', 'peter filipovity', 'kristians feierbergs']"
13:11:00,"darius maddox, substitution in   ",7,16,"['byron ireland', ""ja'shonte wright-mcleish"", 'sam ihekwoaba', 'peter filipovity', 'kristians feierbergs']"
13:11:00,"maks klanjscek, substitution in   ",7,16,"['byron ireland', ""ja'shonte wright-mcleish"", 'sam ihekwoaba', 'peter filipovity', 'kristians feierbergs']"
13:11:00,"john ojiako, substitution in   ",7,16,"['byron ireland', ""ja'shonte wright-mcleish"", 'sam ihekwoaba', 'peter filipovity', 'kristians feierbergs']"
13:11:00,"vukasin masic, substitution out   ",7,16,"['byron ireland', ""ja'shonte wright-mcleish"", 'sam ihekwoaba', 'peter filipovity', 'kristians feierbergs']"
13:11:00,"stephane ingo, substitution out   ",7,16,"['byron ireland', ""ja'shonte wright-mcleish"", 'sam ihekwoaba', 'peter filipovity', 'kristians feierbergs']"
13:06:00,"lechaun duhart, 2pt jumpshot 2ndchance;  missed",7,16,"['byron ireland', ""ja'shonte wright-mcleish"", 'sam ihekwoaba', 'peter filipovity', 'kristians feierbergs']"
13:03:00,"maks klanjscek, rebound offensive   ",7,16,"['byron ireland', ""ja'shonte wright-mcleish"", 'sam ihekwoaba', 'peter filipovity', 'kristians feierbergs']"
12:55:00,"peter filipovity, 2pt layup 2ndchance;pointsinthepaint;blocked;  missed",7,16,"['byron ireland', ""ja'shonte wright-mcleish"", 'sam ihekwoaba', 'peter filipovity', 'kristians feierbergs']"
12:55:00,"justyn mutts, block    ",7,16,"['byron ireland', ""ja'shonte wright-mcleish"", 'sam ihekwoaba', 'peter filipovity', 'kristians feierbergs']"
12:50:00,"justyn mutts, rebound defensive   ",7,16,"['byron ireland', ""ja'shonte wright-mcleish"", 'sam ihekwoaba', 'peter filipovity', 'kristians feierbergs']"
12:41:00,"justyn mutts, 3pt pullupjumpshot   made",7,19,"['byron ireland', ""ja'shonte wright-mcleish"", 'sam ihekwoaba', 'peter filipovity', 'kristians feierbergs']"
12:17:00,"justyn mutts, foul personal   ",7,19,"['byron ireland', ""ja'shonte wright-mcleish"", 'sam ihekwoaba', 'peter filipovity', 'kristians feierbergs']"
12:17:00,"john ojiako, substitution out   ",7,19,"['byron ireland', ""ja'shonte wright-mcleish"", 'sam ihekwoaba', 'peter filipovity', 'kristians feierbergs']"
12:17:00,"peter filipovity, foulon    ",7,19,"['byron ireland', ""ja'shonte wright-mcleish"", 'sam ihekwoaba', 'peter filipovity', 'kristians feierbergs']"
12:17:00,"keve aluma, substitution in   ",7,19,"['byron ireland', ""ja'shonte wright-mcleish"", 'sam ihekwoaba', 'peter filipovity', 'kristians feierbergs']"
12:17:00,"david n'guessan, substitution in   ",7,19,"['byron ireland', ""ja'shonte wright-mcleish"", 'sam ihekwoaba', 'peter filipovity', 'kristians feierbergs']"
12:17:00,"justyn mutts, substitution out   ",7,19,"['byron ireland', ""ja'shonte wright-mcleish"", 'sam ihekwoaba', 'peter filipovity', 'kristians feierbergs']"
12:02:00,"peter filipovity, 2pt layup pointsinthepaint;2ndchance;  missed",7,19,"['byron ireland', ""ja'shonte wright-mcleish"", 'sam ihekwoaba', 'peter filipovity', 'kristians feierbergs']"
12:02:00,"lechaun duhart, 2pt jumpshot pointsinthepaint;  missed",7,19,"['byron ireland', ""ja'shonte wright-mcleish"", 'sam ihekwoaba', 'peter filipovity', 'kristians feierbergs']"
12:02:00,"peter filipovity, rebound offensive   ",7,19,"['byron ireland', ""ja'shonte wright-mcleish"", 'sam ihekwoaba', 'peter filipovity', 'kristians feierbergs']"
11:59:00,"kristians feierbergs, rebound offensive   ",7,19,"['byron ireland', ""ja'shonte wright-mcleish"", 'sam ihekwoaba', 'peter filipovity', 'kristians feierbergs']"
11:52:00,"kristians feierbergs, 2pt layup 2ndchance;pointsinthepaint;  made",9,19,"['byron ireland', ""ja'shonte wright-mcleish"", 'sam ihekwoaba', 'peter filipovity', 'kristians feierbergs']"
11:42:00,"keve aluma, 2pt turnaroundjumpshot pointsinthepaint;  made",9,21,"['byron ireland', ""ja'shonte wright-mcleish"", 'sam ihekwoaba', 'peter filipovity', 'kristians feierbergs']"
11:42:00,"storm murphy, assist    ",9,21,"['byron ireland', ""ja'shonte wright-mcleish"", 'sam ihekwoaba', 'peter filipovity', 'kristians feierbergs']"
11:24:00,"ja'shonte wright-mcleish, 3pt jumpshot   missed",9,21,"['byron ireland', ""ja'shonte wright-mcleish"", 'sam ihekwoaba', 'peter filipovity', 'kristians feierbergs']"
11:19:00,"peter filipovity, rebound offensive   ",9,21,"['byron ireland', ""ja'shonte wright-mcleish"", 'sam ihekwoaba', 'peter filipovity', 'kristians feierbergs']"
11:03:00,"storm murphy, substitution out   ",9,21,"['byron ireland', ""ja'shonte wright-mcleish"", 'sam ihekwoaba', 'peter filipovity', 'kristians feierbergs']"
11:03:00,"lechaun duhart, substitution out   ",9,21,"['byron ireland', ""ja'shonte wright-mcleish"", 'sam ihekwoaba', 'peter filipovity', 'kristians feierbergs']"
11:03:00,"hunter cattoor, substitution in   ",9,21,"['byron ireland', ""ja'shonte wright-mcleish"", 'sam ihekwoaba', 'peter filipovity', 'kristians feierbergs']"
11:03:00,"sean pedulla, substitution in   ",9,21,"['byron ireland', ""ja'shonte wright-mcleish"", 'sam ihekwoaba', 'peter filipovity', 'kristians feierbergs']"
11:03:00,"kristians feierbergs, substitution out   ",9,21,"['byron ireland', ""ja'shonte wright-mcleish"", 'sam ihekwoaba', 'peter filipovity', 'kristians feierbergs']"
11:03:00,"peter filipovity, substitution out   ",9,21,"['byron ireland', ""ja'shonte wright-mcleish"", 'sam ihekwoaba', 'peter filipovity', 'kristians feierbergs']"
11:03:00,"ata turgut, substitution in   ",9,21,"['byron ireland', ""ja'shonte wright-mcleish"", 'sam ihekwoaba', 'peter filipovity', 'kristians feierbergs']"
11:03:00,"adefolalrin adetogun, substitution in   ",9,21,"['byron ireland', ""ja'shonte wright-mcleish"", 'sam ihekwoaba', 'peter filipovity', 'kristians feierbergs']"
11:03:00,"stephane ingo, substitution in   ",9,21,"['byron ireland', ""ja'shonte wright-mcleish"", 'sam ihekwoaba', 'peter filipovity', 'kristians feierbergs']"
11:03:00,"team, turnover shotclock team;  ",9,21,"['byron ireland', ""ja'shonte wright-mcleish"", 'sam ihekwoaba', 'peter filipovity', 'kristians feierbergs']"
11:03:00,"nahiem alleyne, substitution out   ",9,21,"['byron ireland', ""ja'shonte wright-mcleish"", 'sam ihekwoaba', 'peter filipovity', 'kristians feierbergs']"
11:03:00,"peter filipovity, rebound offensive   ",9,21,"['byron ireland', ""ja'shonte wright-mcleish"", 'sam ihekwoaba', 'peter filipovity', 'kristians feierbergs']"
11:03:00,"peter filipovity, 2pt layup 2ndchance;pointsinthepaint;  missed",9,21,"['byron ireland', ""ja'shonte wright-mcleish"", 'sam ihekwoaba', 'peter filipovity', 'kristians feierbergs']"
11:03:00,"byron ireland, substitution in   ",9,21,"['byron ireland', ""ja'shonte wright-mcleish"", 'sam ihekwoaba', 'peter filipovity', 'kristians feierbergs']"
11:03:00,"ja'shonte wright-mcleish, substitution out   ",9,21,"['byron ireland', ""ja'shonte wright-mcleish"", 'sam ihekwoaba', 'peter filipovity', 'kristians feierbergs']"
10:44:00,"adefolalrin adetogun, foul personal shooting;2freethrow;  ",9,21,"['byron ireland', ""ja'shonte wright-mcleish"", 'sam ihekwoaba', 'peter filipovity', 'kristians feierbergs']"
10:44:00,"keve aluma, foulon    ",9,21,"['byron ireland', ""ja'shonte wright-mcleish"", 'sam ihekwoaba', 'peter filipovity', 'kristians feierbergs']"
10:44:00,"keve aluma, freethrow 1of2 fromturnover;  made",9,22,"['byron ireland', ""ja'shonte wright-mcleish"", 'sam ihekwoaba', 'peter filipovity', 'kristians feierbergs']"
10:44:00,"keve aluma, freethrow 2of2 fromturnover;  made",9,23,"['byron ireland', ""ja'shonte wright-mcleish"", 'sam ihekwoaba', 'peter filipovity', 'kristians feierbergs']"
10:26:00,"maks klanjscek, turnover badpass   ",9,23,"['byron ireland', ""ja'shonte wright-mcleish"", 'sam ihekwoaba', 'peter filipovity', 'kristians feierbergs']"
10:01:00,"david n'guessan, 2pt drivinglayup fromturnover;pointsinthepaint;  made",9,25,"['byron ireland', ""ja'shonte wright-mcleish"", 'sam ihekwoaba', 'peter filipovity', 'kristians feierbergs']"
09:41:00,"david n'guessan, substitution out   ",9,25,"['byron ireland', ""ja'shonte wright-mcleish"", 'sam ihekwoaba', 'peter filipovity', 'kristians feierbergs']"
09:41:00,"justyn mutts, substitution in   ",9,25,"['byron ireland', ""ja'shonte wright-mcleish"", 'sam ihekwoaba', 'peter filipovity', 'kristians feierbergs']"
09:41:00,"john ojiako, substitution in   ",9,25,"['byron ireland', ""ja'shonte wright-mcleish"", 'sam ihekwoaba', 'peter filipovity', 'kristians feierbergs']"
09:41:00,"nahiem alleyne, substitution in   ",9,25,"['byron ireland', ""ja'shonte wright-mcleish"", 'sam ihekwoaba', 'peter filipovity', 'kristians feierbergs']"
09:41:00,"sean pedulla, substitution out   ",9,25,"['byron ireland', ""ja'shonte wright-mcleish"", 'sam ihekwoaba', 'peter filipovity', 'kristians feierbergs']"
09:41:00,"storm murphy, substitution in   ",9,25,"['byron ireland', ""ja'shonte wright-mcleish"", 'sam ihekwoaba', 'peter filipovity', 'kristians feierbergs']"
09:41:00,"keve aluma, foul personal   ",9,25,"['byron ireland', ""ja'shonte wright-mcleish"", 'sam ihekwoaba', 'peter filipovity', 'kristians feierbergs']"
09:41:00,"keve aluma, substitution out   ",9,25,"['byron ireland', ""ja'shonte wright-mcleish"", 'sam ihekwoaba', 'peter filipovity', 'kristians feierbergs']"
09:41:00,"stephane ingo, foulon    ",9,25,"['byron ireland', ""ja'shonte wright-mcleish"", 'sam ihekwoaba', 'peter filipovity', 'kristians feierbergs']"
09:41:00,"darius maddox, substitution out   ",9,25,"['byron ireland', ""ja'shonte wright-mcleish"", 'sam ihekwoaba', 'peter filipovity', 'kristians feierbergs']"
09:32:00,"stephane ingo, 3pt jumpshot   missed",9,25,"['byron ireland', ""ja'shonte wright-mcleish"", 'sam ihekwoaba', 'peter filipovity', 'kristians feierbergs']"
09:28:00,"justyn mutts, rebound defensive   ",9,25,"['byron ireland', ""ja'shonte wright-mcleish"", 'sam ihekwoaba', 'peter filipovity', 'kristians feierbergs']"
09:13:00,"john ojiako, 2pt dunk pointsinthepaint;  made",9,27,"['byron ireland', ""ja'shonte wright-mcleish"", 'sam ihekwoaba', 'peter filipovity', 'kristians feierbergs']"
09:13:00,"justyn mutts, assist    ",9,27,"['byron ireland', ""ja'shonte wright-mcleish"", 'sam ihekwoaba', 'peter filipovity', 'kristians feierbergs']"
08:45:00,"adefolalrin adetogun, 2pt drivinglayup pointsinthepaint;  missed",9,27,"['byron ireland', ""ja'shonte wright-mcleish"", 'sam ihekwoaba', 'peter filipovity', 'kristians feierbergs']"
08:41:00,"john ojiako, rebound defensive   ",9,27,"['byron ireland', ""ja'shonte wright-mcleish"", 'sam ihekwoaba', 'peter filipovity', 'kristians feierbergs']"
08:32:00,"storm murphy, 3pt jumpshot   missed",9,27,"['byron ireland', ""ja'shonte wright-mcleish"", 'sam ihekwoaba', 'peter filipovity', 'kristians feierbergs']"
08:22:00,"adefolalrin adetogun, rebound defensive   ",9,27,"['byron ireland', ""ja'shonte wright-mcleish"", 'sam ihekwoaba', 'peter filipovity', 'kristians feierbergs']"
08:21:00,"byron ireland, 2pt jumpshot pointsinthepaint;  made",11,27,"['byron ireland', ""ja'shonte wright-mcleish"", 'sam ihekwoaba', 'peter filipovity', 'kristians feierbergs']"
08:03:00,"storm murphy, 3pt jumpshot   missed",11,27,"['byron ireland', ""ja'shonte wright-mcleish"", 'sam ihekwoaba', 'peter filipovity', 'kristians feierbergs']"
08:01:00,"adefolalrin adetogun, substitution out   ",11,29,"['byron ireland', ""ja'shonte wright-mcleish"", 'sam ihekwoaba', 'peter filipovity', 'kristians feierbergs']"
08:01:00,"vukasin masic, substitution in   ",11,29,"['byron ireland', ""ja'shonte wright-mcleish"", 'sam ihekwoaba', 'peter filipovity', 'kristians feierbergs']"
08:01:00,"chris efretuei, substitution in   ",11,29,"['byron ireland', ""ja'shonte wright-mcleish"", 'sam ihekwoaba', 'peter filipovity', 'kristians feierbergs']"
08:01:00,"john ojiako, freethrow 1of1 2ndchance;  made",11,30,"['byron ireland', ""ja'shonte wright-mcleish"", 'sam ihekwoaba', 'peter filipovity', 'kristians feierbergs']"
08:01:00,"ata turgut, substitution out   ",11,29,"['byron ireland', ""ja'shonte wright-mcleish"", 'sam ihekwoaba', 'peter filipovity', 'kristians feierbergs']"
08:01:00,"john ojiako, foulon    ",11,29,"['byron ireland', ""ja'shonte wright-mcleish"", 'sam ihekwoaba', 'peter filipovity', 'kristians feierbergs']"
08:01:00,"maks klanjscek, substitution out   ",11,29,"['byron ireland', ""ja'shonte wright-mcleish"", 'sam ihekwoaba', 'peter filipovity', 'kristians feierbergs']"
08:01:00,"ja'shonte wright-mcleish, substitution in   ",11,30,"['byron ireland', ""ja'shonte wright-mcleish"", 'sam ihekwoaba', 'peter filipovity', 'kristians feierbergs']"
08:01:00,"john ojiako, rebound offensive   ",11,27,"['byron ireland', ""ja'shonte wright-mcleish"", 'sam ihekwoaba', 'peter filipovity', 'kristians feierbergs']"
08:01:00,"john ojiako, 2pt hookshot 2ndchance;pointsinthepaint;  made",11,29,"['byron ireland', ""ja'shonte wright-mcleish"", 'sam ihekwoaba', 'peter filipovity', 'kristians feierbergs']"
08:01:00,"stephane ingo, foul personal shooting;1freethrow;  ",11,29,"['byron ireland', ""ja'shonte wright-mcleish"", 'sam ihekwoaba', 'peter filipovity', 'kristians feierbergs']"
07:43:00,"chris efretuei, 2pt hookshot pointsinthepaint;  made",13,30,"['byron ireland', ""ja'shonte wright-mcleish"", 'sam ihekwoaba', 'peter filipovity', 'kristians feierbergs']"
07:23:00,"john ojiako, 2pt turnaroundjumpshot pointsinthepaint;  missed",13,30,"['byron ireland', ""ja'shonte wright-mcleish"", 'sam ihekwoaba', 'peter filipovity', 'kristians feierbergs']"
07:20:00,"justyn mutts, 2pt layup 2ndchance;pointsinthepaint;  missed",13,30,"['byron ireland', ""ja'shonte wright-mcleish"", 'sam ihekwoaba', 'peter filipovity', 'kristians feierbergs']"
07:20:00,"justyn mutts, rebound offensive   ",13,30,"['byron ireland', ""ja'shonte wright-mcleish"", 'sam ihekwoaba', 'peter filipovity', 'kristians feierbergs']"
07:20:00,"team, rebound defensive team;  ",13,30,"['byron ireland', ""ja'shonte wright-mcleish"", 'sam ihekwoaba', 'peter filipovity', 'kristians feierbergs']"
07:20:00,"stephane ingo, substitution out   ",13,30,"['byron ireland', ""ja'shonte wright-mcleish"", 'sam ihekwoaba', 'peter filipovity', 'kristians feierbergs']"
07:20:00,"kristians feierbergs, substitution in   ",13,30,"['byron ireland', ""ja'shonte wright-mcleish"", 'sam ihekwoaba', 'peter filipovity', 'kristians feierbergs']"
07:11:00,"byron ireland, 3pt pullupjumpshot   missed",13,30,"['byron ireland', ""ja'shonte wright-mcleish"", 'sam ihekwoaba', 'peter filipovity', 'kristians feierbergs']"
07:08:00,"nahiem alleyne, rebound defensive   ",13,30,"['byron ireland', ""ja'shonte wright-mcleish"", 'sam ihekwoaba', 'peter filipovity', 'kristians feierbergs']"
06:57:00,"john ojiako, 2pt layup pointsinthepaint;blocked;  missed",13,30,"['byron ireland', ""ja'shonte wright-mcleish"", 'sam ihekwoaba', 'peter filipovity', 'kristians feierbergs']"
06:57:00,"chris efretuei, block    ",13,30,"['byron ireland', ""ja'shonte wright-mcleish"", 'sam ihekwoaba', 'peter filipovity', 'kristians feierbergs']"
06:52:00,"kristians feierbergs, rebound defensive   ",13,30,"['byron ireland', ""ja'shonte wright-mcleish"", 'sam ihekwoaba', 'peter filipovity', 'kristians feierbergs']"
06:45:00,"vukasin masic, 3pt pullupjumpshot   missed",13,30,"['byron ireland', ""ja'shonte wright-mcleish"", 'sam ihekwoaba', 'peter filipovity', 'kristians feierbergs']"
06:41:00,"nahiem alleyne, rebound defensive   ",13,30,"['byron ireland', ""ja'shonte wright-mcleish"", 'sam ihekwoaba', 'peter filipovity', 'kristians feierbergs']"
06:33:00,"nahiem alleyne, 3pt pullupjumpshot   missed",13,30,"['byron ireland', ""ja'shonte wright-mcleish"", 'sam ihekwoaba', 'peter filipovity', 'kristians feierbergs']"
06:31:00,"byron ireland, rebound defensive   ",13,30,"['byron ireland', ""ja'shonte wright-mcleish"", 'sam ihekwoaba', 'peter filipovity', 'kristians feierbergs']"
06:07:00,"kristians feierbergs, 3pt jumpshot   missed",13,30,"['byron ireland', ""ja'shonte wright-mcleish"", 'sam ihekwoaba', 'peter filipovity', 'kristians feierbergs']"
06:03:00,"hunter cattoor, rebound defensive   ",13,30,"['byron ireland', ""ja'shonte wright-mcleish"", 'sam ihekwoaba', 'peter filipovity', 'kristians feierbergs']"
05:48:00,"john ojiako, 2pt hookshot pointsinthepaint;  missed",13,30,"['byron ireland', ""ja'shonte wright-mcleish"", 'sam ihekwoaba', 'peter filipovity', 'kristians feierbergs']"
05:42:00,"justyn mutts, rebound offensive   ",13,30,"['byron ireland', ""ja'shonte wright-mcleish"", 'sam ihekwoaba', 'peter filipovity', 'kristians feierbergs']"
05:42:00,"justyn mutts, 2pt layup 2ndchance;pointsinthepaint;  missed",13,30,"['byron ireland', ""ja'shonte wright-mcleish"", 'sam ihekwoaba', 'peter filipovity', 'kristians feierbergs']"
05:40:00,"chris efretuei, rebound defensive   ",13,30,"['byron ireland', ""ja'shonte wright-mcleish"", 'sam ihekwoaba', 'peter filipovity', 'kristians feierbergs']"
05:38:00,"byron ireland, assist    ",15,30,"['byron ireland', ""ja'shonte wright-mcleish"", 'sam ihekwoaba', 'peter filipovity', 'kristians feierbergs']"
05:38:00,"ja'shonte wright-mcleish, 2pt layup pointsinthepaint;fastbreak;  made",15,30,"['byron ireland', ""ja'shonte wright-mcleish"", 'sam ihekwoaba', 'peter filipovity', 'kristians feierbergs']"
05:34:00,"john ojiako, substitution out   ",15,30,"['byron ireland', ""ja'shonte wright-mcleish"", 'sam ihekwoaba', 'peter filipovity', 'kristians feierbergs']"
05:34:00,"team, timeout short   ",15,30,"['byron ireland', ""ja'shonte wright-mcleish"", 'sam ihekwoaba', 'peter filipovity', 'kristians feierbergs']"
05:34:00,"justyn mutts, substitution out   ",15,30,"['byron ireland', ""ja'shonte wright-mcleish"", 'sam ihekwoaba', 'peter filipovity', 'kristians feierbergs']"
05:34:00,"david n'guessan, substitution in   ",15,30,"['byron ireland', ""ja'shonte wright-mcleish"", 'sam ihekwoaba', 'peter filipovity', 'kristians feierbergs']"
05:34:00,"lechaun duhart, substitution in   ",15,30,"['byron ireland', ""ja'shonte wright-mcleish"", 'sam ihekwoaba', 'peter filipovity', 'kristians feierbergs']"
05:34:00,"chris efretuei, substitution out   ",15,30,"['byron ireland', ""ja'shonte wright-mcleish"", 'sam ihekwoaba', 'peter filipovity', 'kristians feierbergs']"
05:34:00,"byron ireland, substitution out   ",15,30,"['byron ireland', ""ja'shonte wright-mcleish"", 'sam ihekwoaba', 'peter filipovity', 'kristians feierbergs']"
05:34:00,"stephane ingo, substitution in   ",15,30,"['byron ireland', ""ja'shonte wright-mcleish"", 'sam ihekwoaba', 'peter filipovity', 'kristians feierbergs']"
05:34:00,"keve aluma, substitution in   ",15,30,"['byron ireland', ""ja'shonte wright-mcleish"", 'sam ihekwoaba', 'peter filipovity', 'kristians feierbergs']"
05:18:00,"nahiem alleyne, assist    ",15,32,"['byron ireland', ""ja'shonte wright-mcleish"", 'sam ihekwoaba', 'peter filipovity', 'kristians feierbergs']"
05:18:00,"david n'guessan, 2pt layup pointsinthepaint;  made",15,32,"['byron ireland', ""ja'shonte wright-mcleish"", 'sam ihekwoaba', 'peter filipovity', 'kristians feierbergs']"
05:02:00,"kristians feierbergs, assist    ",17,32,"['byron ireland', ""ja'shonte wright-mcleish"", 'sam ihekwoaba', 'peter filipovity', 'kristians feierbergs']"
05:02:00,"lechaun duhart, 2pt jumpshot   made",17,32,"['byron ireland', ""ja'shonte wright-mcleish"", 'sam ihekwoaba', 'peter filipovity', 'kristians feierbergs']"
04:37:00,"storm murphy, 2pt stepbackjumpshot   made",17,34,"['byron ireland', ""ja'shonte wright-mcleish"", 'sam ihekwoaba', 'peter filipovity', 'kristians feierbergs']"
04:06:00,"stephane ingo, 2pt jumpshot pointsinthepaint;  missed",17,34,"['byron ireland', ""ja'shonte wright-mcleish"", 'sam ihekwoaba', 'peter filipovity', 'kristians feierbergs']"
04:00:00,"stephane ingo, rebound offensive   ",17,34,"['byron ireland', ""ja'shonte wright-mcleish"", 'sam ihekwoaba', 'peter filipovity', 'kristians feierbergs']"
04:00:00,"stephane ingo, 2pt layup 2ndchance;pointsinthepaint;  missed",17,34,"['byron ireland', ""ja'shonte wright-mcleish"", 'sam ihekwoaba', 'peter filipovity', 'kristians feierbergs']"
03:57:00,"stephane ingo, rebound offensive   ",17,34,"['byron ireland', ""ja'shonte wright-mcleish"", 'sam ihekwoaba', 'peter filipovity', 'kristians feierbergs']"
03:57:00,"stephane ingo, 2pt layup 2ndchance;pointsinthepaint;blocked;  missed",17,34,"['byron ireland', ""ja'shonte wright-mcleish"", 'sam ihekwoaba', 'peter filipovity', 'kristians feierbergs']"
03:57:00,"david n'guessan, block    ",17,34,"['byron ireland', ""ja'shonte wright-mcleish"", 'sam ihekwoaba', 'peter filipovity', 'kristians feierbergs']"
03:57:00,"storm murphy, rebound defensive   ",17,34,"['byron ireland', ""ja'shonte wright-mcleish"", 'sam ihekwoaba', 'peter filipovity', 'kristians feierbergs']"
03:51:00,"hunter cattoor, 3pt jumpshot   made",17,37,"['byron ireland', ""ja'shonte wright-mcleish"", 'sam ihekwoaba', 'peter filipovity', 'kristians feierbergs']"
03:51:00,"nahiem alleyne, assist    ",17,37,"['byron ireland', ""ja'shonte wright-mcleish"", 'sam ihekwoaba', 'peter filipovity', 'kristians feierbergs']"
03:31:00,"stephane ingo, 3pt jumpshot   missed",17,37,"['byron ireland', ""ja'shonte wright-mcleish"", 'sam ihekwoaba', 'peter filipovity', 'kristians feierbergs']"
03:27:00,"nahiem alleyne, rebound defensive   ",17,37,"['byron ireland', ""ja'shonte wright-mcleish"", 'sam ihekwoaba', 'peter filipovity', 'kristians feierbergs']"
03:26:00,"peter filipovity, substitution in   ",17,37,"['byron ireland', ""ja'shonte wright-mcleish"", 'sam ihekwoaba', 'peter filipovity', 'kristians feierbergs']"
03:26:00,"nahiem alleyne, turnover badpass   ",17,37,"['byron ireland', ""ja'shonte wright-mcleish"", 'sam ihekwoaba', 'peter filipovity', 'kristians feierbergs']"
03:26:00,"nahiem alleyne, substitution out   ",17,37,"['byron ireland', ""ja'shonte wright-mcleish"", 'sam ihekwoaba', 'peter filipovity', 'kristians feierbergs']"
03:26:00,"kristians feierbergs, substitution out   ",17,37,"['byron ireland', ""ja'shonte wright-mcleish"", 'sam ihekwoaba', 'peter filipovity', 'kristians feierbergs']"
03:26:00,"keve aluma, substitution out   ",17,37,"['byron ireland', ""ja'shonte wright-mcleish"", 'sam ihekwoaba', 'peter filipovity', 'kristians feierbergs']"
03:26:00,"darius maddox, substitution in   ",17,37,"['byron ireland', ""ja'shonte wright-mcleish"", 'sam ihekwoaba', 'peter filipovity', 'kristians feierbergs']"
03:26:00,"justyn mutts, substitution in   ",17,37,"['byron ireland', ""ja'shonte wright-mcleish"", 'sam ihekwoaba', 'peter filipovity', 'kristians feierbergs']"
03:12:00,"peter filipovity, turnover lostball   ",17,37,"['byron ireland', ""ja'shonte wright-mcleish"", 'sam ihekwoaba', 'peter filipovity', 'kristians feierbergs']"
02:54:00,"justyn mutts, 2pt jumpshot fromturnover;pointsinthepaint;  missed",17,37,"['byron ireland', ""ja'shonte wright-mcleish"", 'sam ihekwoaba', 'peter filipovity', 'kristians feierbergs']"
02:51:00,"peter filipovity, rebound defensive   ",17,37,"['byron ireland', ""ja'shonte wright-mcleish"", 'sam ihekwoaba', 'peter filipovity', 'kristians feierbergs']"
02:45:00,"vukasin masic, 2pt drivinglayup pointsinthepaint;  made",19,37,"['byron ireland', ""ja'shonte wright-mcleish"", 'sam ihekwoaba', 'peter filipovity', 'kristians feierbergs']"
02:45:00,"david n'guessan, foul personal   ",19,37,"['byron ireland', ""ja'shonte wright-mcleish"", 'sam ihekwoaba', 'peter filipovity', 'kristians feierbergs']"
02:45:00,"peter filipovity, foulon    ",19,37,"['byron ireland', ""ja'shonte wright-mcleish"", 'sam ihekwoaba', 'peter filipovity', 'kristians feierbergs']"
02:36:00,"ja'shonte wright-mcleish, 3pt jumpshot   missed",19,37,"['byron ireland', ""ja'shonte wright-mcleish"", 'sam ihekwoaba', 'peter filipovity', 'kristians feierbergs']"
02:33:00,"hunter cattoor, rebound defensive   ",19,37,"['byron ireland', ""ja'shonte wright-mcleish"", 'sam ihekwoaba', 'peter filipovity', 'kristians feierbergs']"
02:20:00,"david n'guessan, 2pt turnaroundjumpshot pointsinthepaint;  made",19,39,"['byron ireland', ""ja'shonte wright-mcleish"", 'sam ihekwoaba', 'peter filipovity', 'kristians feierbergs']"
02:01:00,"storm murphy, foulon    ",19,39,"['byron ireland', ""ja'shonte wright-mcleish"", 'sam ihekwoaba', 'peter filipovity', 'kristians feierbergs']"
02:01:00,"hunter cattoor, substitution out   ",19,39,"['byron ireland', ""ja'shonte wright-mcleish"", 'sam ihekwoaba', 'peter filipovity', 'kristians feierbergs']"
02:01:00,"ja'shonte wright-mcleish, substitution out   ",19,39,"['byron ireland', ""ja'shonte wright-mcleish"", 'sam ihekwoaba', 'peter filipovity', 'kristians feierbergs']"
02:01:00,"kristians feierbergs, substitution in   ",19,39,"['byron ireland', ""ja'shonte wright-mcleish"", 'sam ihekwoaba', 'peter filipovity', 'kristians feierbergs']"
02:01:00,"peter filipovity, substitution out   ",19,39,"['byron ireland', ""ja'shonte wright-mcleish"", 'sam ihekwoaba', 'peter filipovity', 'kristians feierbergs']"
02:01:00,"byron ireland, substitution in   ",19,39,"['byron ireland', ""ja'shonte wright-mcleish"", 'sam ihekwoaba', 'peter filipovity', 'kristians feierbergs']"
02:01:00,"nahiem alleyne, substitution in   ",19,39,"['byron ireland', ""ja'shonte wright-mcleish"", 'sam ihekwoaba', 'peter filipovity', 'kristians feierbergs']"
02:01:00,"lechaun duhart, foul offensive   ",19,39,"['byron ireland', ""ja'shonte wright-mcleish"", 'sam ihekwoaba', 'peter filipovity', 'kristians feierbergs']"
02:01:00,"lechaun duhart, turnover offensive   ",19,39,"['byron ireland', ""ja'shonte wright-mcleish"", 'sam ihekwoaba', 'peter filipovity', 'kristians feierbergs']"
01:50:00,"darius maddox, 2pt jumpshot fromturnover;  made",19,41,"['byron ireland', ""ja'shonte wright-mcleish"", 'sam ihekwoaba', 'peter filipovity', 'kristians feierbergs']"
01:50:00,"justyn mutts, assist    ",19,41,"['byron ireland', ""ja'shonte wright-mcleish"", 'sam ihekwoaba', 'peter filipovity', 'kristians feierbergs']"
01:27:00,"vukasin masic, turnover lostball   ",19,41,"['byron ireland', ""ja'shonte wright-mcleish"", 'sam ihekwoaba', 'peter filipovity', 'kristians feierbergs']"
01:27:00,"justyn mutts, steal    ",19,41,"['byron ireland', ""ja'shonte wright-mcleish"", 'sam ihekwoaba', 'peter filipovity', 'kristians feierbergs']"
01:24:00,"byron ireland, steal    ",19,41,"['byron ireland', ""ja'shonte wright-mcleish"", 'sam ihekwoaba', 'peter filipovity', 'kristians feierbergs']"
01:24:00,"justyn mutts, turnover badpass   ",19,41,"['byron ireland', ""ja'shonte wright-mcleish"", 'sam ihekwoaba', 'peter filipovity', 'kristians feierbergs']"
01:21:00,"byron ireland, 2pt drivinglayup fromturnover;pointsinthepaint;  missed",19,41,"['byron ireland', ""ja'shonte wright-mcleish"", 'sam ihekwoaba', 'peter filipovity', 'kristians feierbergs']"
01:17:00,"stephane ingo, rebound offensive   ",19,41,"['byron ireland', ""ja'shonte wright-mcleish"", 'sam ihekwoaba', 'peter filipovity', 'kristians feierbergs']"
01:17:00,"stephane ingo, 2pt layup 2ndchance;fromturnover;pointsinthepaint;  missed",19,41,"['byron ireland', ""ja'shonte wright-mcleish"", 'sam ihekwoaba', 'peter filipovity', 'kristians feierbergs']"
01:16:00,"storm murphy, rebound defensive   ",19,41,"['byron ireland', ""ja'shonte wright-mcleish"", 'sam ihekwoaba', 'peter filipovity', 'kristians feierbergs']"
01:14:00,"stephane ingo, foul personal   ",19,41,"['byron ireland', ""ja'shonte wright-mcleish"", 'sam ihekwoaba', 'peter filipovity', 'kristians feierbergs']"
01:14:00,"nahiem alleyne, foulon    ",19,41,"['byron ireland', ""ja'shonte wright-mcleish"", 'sam ihekwoaba', 'peter filipovity', 'kristians feierbergs']"
01:09:00,"nahiem alleyne, 2pt jumpshot   made",19,43,"['byron ireland', ""ja'shonte wright-mcleish"", 'sam ihekwoaba', 'peter filipovity', 'kristians feierbergs']"
01:09:00,"justyn mutts, assist    ",19,43,"['byron ireland', ""ja'shonte wright-mcleish"", 'sam ihekwoaba', 'peter filipovity', 'kristians feierbergs']"
00:50:90,"vukasin masic, assist    ",22,43,"['byron ireland', ""ja'shonte wright-mcleish"", 'sam ihekwoaba', 'peter filipovity', 'kristians feierbergs']"
00:50:90,"kristians feierbergs, 3pt jumpshot   made",22,43,"['byron ireland', ""ja'shonte wright-mcleish"", 'sam ihekwoaba', 'peter filipovity', 'kristians feierbergs']"
00:33:80,"storm murphy, 3pt jumpshot   missed",22,43,"['byron ireland', ""ja'shonte wright-mcleish"", 'sam ihekwoaba', 'peter filipovity', 'kristians feierbergs']"
00:29:70,"lechaun duhart, rebound defensive   ",22,43,"['byron ireland', ""ja'shonte wright-mcleish"", 'sam ihekwoaba', 'peter filipovity', 'kristians feierbergs']"
00:06:50,"justyn mutts, steal    ",22,43,"['byron ireland', ""ja'shonte wright-mcleish"", 'sam ihekwoaba', 'peter filipovity', 'kristians feierbergs']"
00:06:50,"vukasin masic, turnover badpass   ",22,43,"['byron ireland', ""ja'shonte wright-mcleish"", 'sam ihekwoaba', 'peter filipovity', 'kristians feierbergs']"
00:04:30,"hunter cattoor, substitution in   ",22,43,"['byron ireland', ""ja'shonte wright-mcleish"", 'sam ihekwoaba', 'peter filipovity', 'kristians feierbergs']"
00:04:30,"stephane ingo, substitution out   ",22,43,"['byron ireland', ""ja'shonte wright-mcleish"", 'sam ihekwoaba', 'peter filipovity', 'kristians feierbergs']"
00:04:30,"keve aluma, substitution in   ",22,43,"['byron ireland', ""ja'shonte wright-mcleish"", 'sam ihekwoaba', 'peter filipovity', 'kristians feierbergs']"
00:04:30,"darius maddox, substitution out   ",22,43,"['byron ireland', ""ja'shonte wright-mcleish"", 'sam ihekwoaba', 'peter filipovity', 'kristians feierbergs']"
00:04:30,"chris efretuei, substitution in   ",22,43,"['byron ireland', ""ja'shonte wright-mcleish"", 'sam ihekwoaba', 'peter filipovity', 'kristians feierbergs']"
00:04:30,"david n'guessan, substitution out   ",22,43,"['byron ireland', ""ja'shonte wright-mcleish"", 'sam ihekwoaba', 'peter filipovity', 'kristians feierbergs']"
00:00:10,"storm murphy, 3pt jumpshot fromturnover;  made",22,46,"['byron ireland', ""ja'shonte wright-mcleish"", 'sam ihekwoaba', 'peter filipovity', 'kristians feierbergs']"
00:00:10,"hunter cattoor, assist    ",22,46,"['byron ireland', ""ja'shonte wright-mcleish"", 'sam ihekwoaba', 'peter filipovity', 'kristians feierbergs']"
20:00:00,"byron ireland, substitution out   ",22,46,"['byron ireland', ""ja'shonte wright-mcleish"", 'sam ihekwoaba', 'peter filipovity', 'kristians feierbergs']"
20:00:00,"kristians feierbergs, substitution out   ",22,46,"['byron ireland', ""ja'shonte wright-mcleish"", 'sam ihekwoaba', 'peter filipovity', 'kristians feierbergs']"
20:00:00,"stephane ingo, substitution in   ",22,46,"['byron ireland', ""ja'shonte wright-mcleish"", 'sam ihekwoaba', 'peter filipovity', 'kristians feierbergs']"
20:00:00,"adefolalrin adetogun, substitution in   ",22,46,"['byron ireland', ""ja'shonte wright-mcleish"", 'sam ihekwoaba', 'peter filipovity', 'kristians feierbergs']"
19:51:00,"vukasin masic, assist    ",25,46,"['byron ireland', ""ja'shonte wright-mcleish"", 'sam ihekwoaba', 'peter filipovity', 'kristians feierbergs']"
19:51:00,"lechaun duhart, 3pt jumpshot   made",25,46,"['byron ireland', ""ja'shonte wright-mcleish"", 'sam ihekwoaba', 'peter filipovity', 'kristians feierbergs']"
19:32:00,"keve aluma, 3pt jumpshot   missed",25,46,"['byron ireland', ""ja'shonte wright-mcleish"", 'sam ihekwoaba', 'peter filipovity', 'kristians feierbergs']"
19:29:00,"chris efretuei, rebound defensive   ",25,46,"['byron ireland', ""ja'shonte wright-mcleish"", 'sam ihekwoaba', 'peter filipovity', 'kristians feierbergs']"
19:16:00,"lechaun duhart, 3pt jumpshot   missed",25,46,"['byron ireland', ""ja'shonte wright-mcleish"", 'sam ihekwoaba', 'peter filipovity', 'kristians feierbergs']"
19:15:00,"team, rebound defensive team;  ",25,46,"['byron ireland', ""ja'shonte wright-mcleish"", 'sam ihekwoaba', 'peter filipovity', 'kristians feierbergs']"
18:56:00,"keve aluma, 2pt dunk pointsinthepaint;  made",25,48,"['byron ireland', ""ja'shonte wright-mcleish"", 'sam ihekwoaba', 'peter filipovity', 'kristians feierbergs']"
18:56:00,"justyn mutts, assist    ",25,48,"['byron ireland', ""ja'shonte wright-mcleish"", 'sam ihekwoaba', 'peter filipovity', 'kristians feierbergs']"
18:41:00,"chris efretuei, 2pt turnaroundjumpshot pointsinthepaint;  missed",25,48,"['byron ireland', ""ja'shonte wright-mcleish"", 'sam ihekwoaba', 'peter filipovity', 'kristians feierbergs']"
18:37:00,"justyn mutts, rebound defensive   ",25,48,"['byron ireland', ""ja'shonte wright-mcleish"", 'sam ihekwoaba', 'peter filipovity', 'kristians feierbergs']"
18:30:00,"justyn mutts, 3pt jumpshot   missed",25,48,"['byron ireland', ""ja'shonte wright-mcleish"", 'sam ihekwoaba', 'peter filipovity', 'kristians feierbergs']"
18:26:00,"vukasin masic, rebound defensive   ",25,48,"['byron ireland', ""ja'shonte wright-mcleish"", 'sam ihekwoaba', 'peter filipovity', 'kristians feierbergs']"
18:14:00,"adefolalrin adetogun, 3pt jumpshot   missed",25,48,"['byron ireland', ""ja'shonte wright-mcleish"", 'sam ihekwoaba', 'peter filipovity', 'kristians feierbergs']"
18:11:00,"storm murphy, rebound defensive   ",25,48,"['byron ireland', ""ja'shonte wright-mcleish"", 'sam ihekwoaba', 'peter filipovity', 'kristians feierbergs']"
18:02:00,"justyn mutts, foulon    ",25,48,"['byron ireland', ""ja'shonte wright-mcleish"", 'sam ihekwoaba', 'peter filipovity', 'kristians feierbergs']"
18:02:00,"chris efretuei, foul personal   ",25,48,"['byron ireland', ""ja'shonte wright-mcleish"", 'sam ihekwoaba', 'peter filipovity', 'kristians feierbergs']"
17:52:00,"keve aluma, 2pt hookshot   missed",25,48,"['byron ireland', ""ja'shonte wright-mcleish"", 'sam ihekwoaba', 'peter filipovity', 'kristians feierbergs']"
17:47:00,"chris efretuei, rebound defensive   ",25,48,"['byron ireland', ""ja'shonte wright-mcleish"", 'sam ihekwoaba', 'peter filipovity', 'kristians feierbergs']"
17:41:00,"vukasin masic, turnover lostball   ",25,48,"['byron ireland', ""ja'shonte wright-mcleish"", 'sam ihekwoaba', 'peter filipovity', 'kristians feierbergs']"
17:38:00,"nahiem alleyne, 3pt jumpshot fromturnover;  missed",25,48,"['byron ireland', ""ja'shonte wright-mcleish"", 'sam ihekwoaba', 'peter filipovity', 'kristians feierbergs']"
17:34:00,"lechaun duhart, rebound defensive   ",25,48,"['byron ireland', ""ja'shonte wright-mcleish"", 'sam ihekwoaba', 'peter filipovity', 'kristians feierbergs']"
17:31:00,"lechaun duhart, 3pt jumpshot   missed",25,48,"['byron ireland', ""ja'shonte wright-mcleish"", 'sam ihekwoaba', 'peter filipovity', 'kristians feierbergs']"
17:30:00,"byron ireland, substitution in   ",25,48,"['byron ireland', ""ja'shonte wright-mcleish"", 'sam ihekwoaba', 'peter filipovity', 'kristians feierbergs']"
17:30:00,"team, jumpball lodgedball   ",25,48,"['byron ireland', ""ja'shonte wright-mcleish"", 'sam ihekwoaba', 'peter filipovity', 'kristians feierbergs']"
17:30:00,"team, rebound defensivedeadball   ",25,48,"['byron ireland', ""ja'shonte wright-mcleish"", 'sam ihekwoaba', 'peter filipovity', 'kristians feierbergs']"
17:30:00,"vukasin masic, substitution out   ",25,48,"['byron ireland', ""ja'shonte wright-mcleish"", 'sam ihekwoaba', 'peter filipovity', 'kristians feierbergs']"
17:13:00,"justyn mutts, 2pt drivinglayup pointsinthepaint;  made",25,50,"['byron ireland', ""ja'shonte wright-mcleish"", 'sam ihekwoaba', 'peter filipovity', 'kristians feierbergs']"
16:58:00,"stephane ingo, 2pt hookshot pointsinthepaint;  missed",25,50,"['byron ireland', ""ja'shonte wright-mcleish"", 'sam ihekwoaba', 'peter filipovity', 'kristians feierbergs']"
16:53:00,"justyn mutts, rebound defensive   ",25,50,"['byron ireland', ""ja'shonte wright-mcleish"", 'sam ihekwoaba', 'peter filipovity', 'kristians feierbergs']"
16:51:00,"stephane ingo, substitution out   ",25,50,"['byron ireland', ""ja'shonte wright-mcleish"", 'sam ihekwoaba', 'peter filipovity', 'kristians feierbergs']"
16:51:00,"kristians feierbergs, substitution in   ",25,50,"['byron ireland', ""ja'shonte wright-mcleish"", 'sam ihekwoaba', 'peter filipovity', 'kristians feierbergs']"
16:38:00,"hunter cattoor, 3pt jumpshot   missed",25,50,"['byron ireland', ""ja'shonte wright-mcleish"", 'sam ihekwoaba', 'peter filipovity', 'kristians feierbergs']"
16:35:00,"adefolalrin adetogun, rebound defensive   ",25,50,"['byron ireland', ""ja'shonte wright-mcleish"", 'sam ihekwoaba', 'peter filipovity', 'kristians feierbergs']"
16:28:00,"byron ireland, foul offensive   ",25,50,"['byron ireland', ""ja'shonte wright-mcleish"", 'sam ihekwoaba', 'peter filipovity', 'kristians feierbergs']"
16:28:00,"hunter cattoor, foulon    ",25,50,"['byron ireland', ""ja'shonte wright-mcleish"", 'sam ihekwoaba', 'peter filipovity', 'kristians feierbergs']"
16:28:00,"byron ireland, turnover offensive   ",25,50,"['byron ireland', ""ja'shonte wright-mcleish"", 'sam ihekwoaba', 'peter filipovity', 'kristians feierbergs']"
16:11:00,"storm murphy, 2pt drivinglayup fromturnover;pointsinthepaint;  missed",25,50,"['byron ireland', ""ja'shonte wright-mcleish"", 'sam ihekwoaba', 'peter filipovity', 'kristians feierbergs']"
16:09:00,"chris efretuei, rebound defensive   ",25,50,"['byron ireland', ""ja'shonte wright-mcleish"", 'sam ihekwoaba', 'peter filipovity', 'kristians feierbergs']"
16:07:00,"chris efretuei, foulon    ",25,50,"['byron ireland', ""ja'shonte wright-mcleish"", 'sam ihekwoaba', 'peter filipovity', 'kristians feierbergs']"
16:07:00,"keve aluma, foul personal   ",25,50,"['byron ireland', ""ja'shonte wright-mcleish"", 'sam ihekwoaba', 'peter filipovity', 'kristians feierbergs']"
15:43:00,"adefolalrin adetogun, turnover lostball   ",25,50,"['byron ireland', ""ja'shonte wright-mcleish"", 'sam ihekwoaba', 'peter filipovity', 'kristians feierbergs']"
15:43:00,"keve aluma, substitution out   ",25,50,"['byron ireland', ""ja'shonte wright-mcleish"", 'sam ihekwoaba', 'peter filipovity', 'kristians feierbergs']"
15:43:00,"ja'shonte wright-mcleish, substitution in   ",25,50,"['byron ireland', ""ja'shonte wright-mcleish"", 'sam ihekwoaba', 'peter filipovity', 'kristians feierbergs']"
15:43:00,"david n'guessan, substitution in   ",25,50,"['byron ireland', ""ja'shonte wright-mcleish"", 'sam ihekwoaba', 'peter filipovity', 'kristians feierbergs']"
15:43:00,"adefolalrin adetogun, substitution out   ",25,50,"['byron ireland', ""ja'shonte wright-mcleish"", 'sam ihekwoaba', 'peter filipovity', 'kristians feierbergs']"
15:43:00,"chris efretuei, substitution out   ",25,50,"['byron ireland', ""ja'shonte wright-mcleish"", 'sam ihekwoaba', 'peter filipovity', 'kristians feierbergs']"
15:43:00,"stephane ingo, substitution in   ",25,50,"['byron ireland', ""ja'shonte wright-mcleish"", 'sam ihekwoaba', 'peter filipovity', 'kristians feierbergs']"
15:31:00,"nahiem alleyne, 2pt drivinglayup fromturnover;pointsinthepaint;blocked;  missed",25,50,"['byron ireland', ""ja'shonte wright-mcleish"", 'sam ihekwoaba', 'peter filipovity', 'kristians feierbergs']"
15:31:00,"ja'shonte wright-mcleish, block    ",25,50,"['byron ireland', ""ja'shonte wright-mcleish"", 'sam ihekwoaba', 'peter filipovity', 'kristians feierbergs']"
15:31:00,"team, rebound offensive team;  ",25,50,"['byron ireland', ""ja'shonte wright-mcleish"", 'sam ihekwoaba', 'peter filipovity', 'kristians feierbergs']"
15:20:00,"justyn mutts, 2pt layup 2ndchance;fromturnover;pointsinthepaint;  made",25,52,"['byron ireland', ""ja'shonte wright-mcleish"", 'sam ihekwoaba', 'peter filipovity', 'kristians feierbergs']"
15:20:00,"hunter cattoor, assist    ",25,52,"['byron ireland', ""ja'shonte wright-mcleish"", 'sam ihekwoaba', 'peter filipovity', 'kristians feierbergs']"
14:55:00,"lechaun duhart, 2pt layup pointsinthepaint;  missed",25,52,"['byron ireland', ""ja'shonte wright-mcleish"", 'sam ihekwoaba', 'peter filipovity', 'kristians feierbergs']"
14:52:00,"hunter cattoor, rebound defensive   ",25,52,"['byron ireland', ""ja'shonte wright-mcleish"", 'sam ihekwoaba', 'peter filipovity', 'kristians feierbergs']"
14:42:00,"justyn mutts, 2pt drivinglayup pointsinthepaint;  made",25,54,"['byron ireland', ""ja'shonte wright-mcleish"", 'sam ihekwoaba', 'peter filipovity', 'kristians feierbergs']"
14:24:00,"byron ireland, 3pt jumpshot   made",28,54,"['byron ireland', ""ja'shonte wright-mcleish"", 'sam ihekwoaba', 'peter filipovity', 'kristians feierbergs']"
14:06:00,"hunter cattoor, assist    ",28,56,"['byron ireland', ""ja'shonte wright-mcleish"", 'sam ihekwoaba', 'peter filipovity', 'kristians feierbergs']"
14:06:00,"david n'guessan, 2pt dunk pointsinthepaint;  made",28,56,"['byron ireland', ""ja'shonte wright-mcleish"", 'sam ihekwoaba', 'peter filipovity', 'kristians feierbergs']"
13:59:00,"nahiem alleyne, substitution out   ",28,56,"['byron ireland', ""ja'shonte wright-mcleish"", 'sam ihekwoaba', 'peter filipovity', 'kristians feierbergs']"
13:59:00,"team, timeout short   ",28,56,"['byron ireland', ""ja'shonte wright-mcleish"", 'sam ihekwoaba', 'peter filipovity', 'kristians feierbergs']"
13:59:00,"storm murphy, substitution out   ",28,56,"['byron ireland', ""ja'shonte wright-mcleish"", 'sam ihekwoaba', 'peter filipovity', 'kristians feierbergs']"
13:59:00,"john ojiako, substitution in   ",28,56,"['byron ireland', ""ja'shonte wright-mcleish"", 'sam ihekwoaba', 'peter filipovity', 'kristians feierbergs']"
13:59:00,"justyn mutts, substitution out   ",28,56,"['byron ireland', ""ja'shonte wright-mcleish"", 'sam ihekwoaba', 'peter filipovity', 'kristians feierbergs']"
13:59:00,"sean pedulla, substitution in   ",28,56,"['byron ireland', ""ja'shonte wright-mcleish"", 'sam ihekwoaba', 'peter filipovity', 'kristians feierbergs']"
13:59:00,"darius maddox, substitution in   ",28,56,"['byron ireland', ""ja'shonte wright-mcleish"", 'sam ihekwoaba', 'peter filipovity', 'kristians feierbergs']"
13:59:00,"byron ireland, substitution out   ",28,56,"['byron ireland', ""ja'shonte wright-mcleish"", 'sam ihekwoaba', 'peter filipovity', 'kristians feierbergs']"
13:59:00,"maks klanjscek, substitution in   ",28,56,"['byron ireland', ""ja'shonte wright-mcleish"", 'sam ihekwoaba', 'peter filipovity', 'kristians feierbergs']"
13:45:00,"stephane ingo, 2pt drivinglayup pointsinthepaint;  made",30,56,"['byron ireland', ""ja'shonte wright-mcleish"", 'sam ihekwoaba', 'peter filipovity', 'kristians feierbergs']"
13:30:00,"sean pedulla, turnover lostball   ",30,56,"['byron ireland', ""ja'shonte wright-mcleish"", 'sam ihekwoaba', 'peter filipovity', 'kristians feierbergs']"
13:20:00,"maks klanjscek, 3pt jumpshot fromturnover;  missed",30,56,"['byron ireland', ""ja'shonte wright-mcleish"", 'sam ihekwoaba', 'peter filipovity', 'kristians feierbergs']"
13:16:00,"darius maddox, rebound defensive   ",30,56,"['byron ireland', ""ja'shonte wright-mcleish"", 'sam ihekwoaba', 'peter filipovity', 'kristians feierbergs']"
13:04:00,"kristians feierbergs, foul personal shooting;1freethrow;  ",30,58,"['byron ireland', ""ja'shonte wright-mcleish"", 'sam ihekwoaba', 'peter filipovity', 'kristians feierbergs']"
13:04:00,"david n'guessan, 2pt drivinglayup pointsinthepaint;  made",30,58,"['byron ireland', ""ja'shonte wright-mcleish"", 'sam ihekwoaba', 'peter filipovity', 'kristians feierbergs']"
13:04:00,"david n'guessan, foulon    ",30,58,"['byron ireland', ""ja'shonte wright-mcleish"", 'sam ihekwoaba', 'peter filipovity', 'kristians feierbergs']"
13:03:00,"david n'guessan, freethrow 1of1   missed",30,58,"['byron ireland', ""ja'shonte wright-mcleish"", 'sam ihekwoaba', 'peter filipovity', 'kristians feierbergs']"
13:01:00,"stephane ingo, rebound defensive   ",30,58,"['byron ireland', ""ja'shonte wright-mcleish"", 'sam ihekwoaba', 'peter filipovity', 'kristians feierbergs']"
12:50:00,"lechaun duhart, substitution out   ",30,58,"['byron ireland', ""ja'shonte wright-mcleish"", 'sam ihekwoaba', 'peter filipovity', 'kristians feierbergs']"
12:50:00,"john ojiako, foul personal   ",30,58,"['byron ireland', ""ja'shonte wright-mcleish"", 'sam ihekwoaba', 'peter filipovity', 'kristians feierbergs']"
12:50:00,"ja'shonte wright-mcleish, substitution out   ",30,58,"['byron ireland', ""ja'shonte wright-mcleish"", 'sam ihekwoaba', 'peter filipovity', 'kristians feierbergs']"
12:50:00,"vukasin masic, substitution in   ",30,58,"['byron ireland', ""ja'shonte wright-mcleish"", 'sam ihekwoaba', 'peter filipovity', 'kristians feierbergs']"
12:50:00,"sam ihekwoaba, substitution in   ",30,58,"['byron ireland', ""ja'shonte wright-mcleish"", 'sam ihekwoaba', 'peter filipovity', 'kristians feierbergs']"
12:50:00,"stephane ingo, foulon    ",30,58,"['byron ireland', ""ja'shonte wright-mcleish"", 'sam ihekwoaba', 'peter filipovity', 'kristians feierbergs']"
12:42:00,"stephane ingo, 3pt jumpshot   missed",30,58,"['byron ireland', ""ja'shonte wright-mcleish"", 'sam ihekwoaba', 'peter filipovity', 'kristians feierbergs']"
12:40:00,"hunter cattoor, rebound defensive   ",30,58,"['byron ireland', ""ja'shonte wright-mcleish"", 'sam ihekwoaba', 'peter filipovity', 'kristians feierbergs']"
12:30:00,"sean pedulla, assist    ",30,60,"['byron ireland', ""ja'shonte wright-mcleish"", 'sam ihekwoaba', 'peter filipovity', 'kristians feierbergs']"
12:30:00,"john ojiako, 2pt dunk pointsinthepaint;  made",30,60,"['byron ireland', ""ja'shonte wright-mcleish"", 'sam ihekwoaba', 'peter filipovity', 'kristians feierbergs']"
12:14:00,"maks klanjscek, 2pt layup pointsinthepaint;  made",32,60,"['byron ireland', ""ja'shonte wright-mcleish"", 'sam ihekwoaba', 'peter filipovity', 'kristians feierbergs']"
12:14:00,"stephane ingo, assist    ",32,60,"['byron ireland', ""ja'shonte wright-mcleish"", 'sam ihekwoaba', 'peter filipovity', 'kristians feierbergs']"
11:57:00,"darius maddox, 2pt jumpshot pointsinthepaint;  missed",32,60,"['byron ireland', ""ja'shonte wright-mcleish"", 'sam ihekwoaba', 'peter filipovity', 'kristians feierbergs']"
11:51:00,"kristians feierbergs, rebound defensive   ",32,60,"['byron ireland', ""ja'shonte wright-mcleish"", 'sam ihekwoaba', 'peter filipovity', 'kristians feierbergs']"
11:48:00,"milos nenadic, substitution in   ",32,60,"['byron ireland', ""ja'shonte wright-mcleish"", 'sam ihekwoaba', 'peter filipovity', 'kristians feierbergs']"
11:48:00,"stephane ingo, substitution out   ",32,60,"['byron ireland', ""ja'shonte wright-mcleish"", 'sam ihekwoaba', 'peter filipovity', 'kristians feierbergs']"
11:48:00,"keve aluma, substitution in   ",32,60,"['byron ireland', ""ja'shonte wright-mcleish"", 'sam ihekwoaba', 'peter filipovity', 'kristians feierbergs']"
11:48:00,"hunter cattoor, substitution out   ",32,60,"['byron ireland', ""ja'shonte wright-mcleish"", 'sam ihekwoaba', 'peter filipovity', 'kristians feierbergs']"
11:48:00,"john ojiako, substitution out   ",32,60,"['byron ireland', ""ja'shonte wright-mcleish"", 'sam ihekwoaba', 'peter filipovity', 'kristians feierbergs']"
11:48:00,"justyn mutts, substitution in   ",32,60,"['byron ireland', ""ja'shonte wright-mcleish"", 'sam ihekwoaba', 'peter filipovity', 'kristians feierbergs']"
11:48:00,"david n'guessan, substitution out   ",32,60,"['byron ireland', ""ja'shonte wright-mcleish"", 'sam ihekwoaba', 'peter filipovity', 'kristians feierbergs']"
11:48:00,"sam ihekwoaba, foulon    ",32,60,"['byron ireland', ""ja'shonte wright-mcleish"", 'sam ihekwoaba', 'peter filipovity', 'kristians feierbergs']"
11:48:00,"john ojiako, foul personal   ",32,60,"['byron ireland', ""ja'shonte wright-mcleish"", 'sam ihekwoaba', 'peter filipovity', 'kristians feierbergs']"
11:48:00,"sam ihekwoaba, rebound offensive   ",32,60,"['byron ireland', ""ja'shonte wright-mcleish"", 'sam ihekwoaba', 'peter filipovity', 'kristians feierbergs']"
11:48:00,"sam ihekwoaba, 2pt layup pointsinthepaint;  missed",32,60,"['byron ireland', ""ja'shonte wright-mcleish"", 'sam ihekwoaba', 'peter filipovity', 'kristians feierbergs']"
11:48:00,"nahiem alleyne, substitution in   ",32,60,"['byron ireland', ""ja'shonte wright-mcleish"", 'sam ihekwoaba', 'peter filipovity', 'kristians feierbergs']"
11:46:00,"vukasin masic, assist    ",34,60,"['byron ireland', ""ja'shonte wright-mcleish"", 'sam ihekwoaba', 'peter filipovity', 'kristians feierbergs']"
11:46:00,"maks klanjscek, 2pt jumpshot 2ndchance;  made",34,60,"['byron ireland', ""ja'shonte wright-mcleish"", 'sam ihekwoaba', 'peter filipovity', 'kristians feierbergs']"
11:31:00,"nahiem alleyne, 2pt jumpshot   missed",34,60,"['byron ireland', ""ja'shonte wright-mcleish"", 'sam ihekwoaba', 'peter filipovity', 'kristians feierbergs']"
11:28:00,"vukasin masic, rebound defensive   ",34,60,"['byron ireland', ""ja'shonte wright-mcleish"", 'sam ihekwoaba', 'peter filipovity', 'kristians feierbergs']"
11:12:00,"vukasin masic, 3pt stepbackjumpshot   missed",34,60,"['byron ireland', ""ja'shonte wright-mcleish"", 'sam ihekwoaba', 'peter filipovity', 'kristians feierbergs']"
11:08:00,"justyn mutts, rebound defensive   ",34,60,"['byron ireland', ""ja'shonte wright-mcleish"", 'sam ihekwoaba', 'peter filipovity', 'kristians feierbergs']"
10:49:00,"darius maddox, 3pt jumpshot   made",34,63,"['byron ireland', ""ja'shonte wright-mcleish"", 'sam ihekwoaba', 'peter filipovity', 'kristians feierbergs']"
10:49:00,"justyn mutts, assist    ",34,63,"['byron ireland', ""ja'shonte wright-mcleish"", 'sam ihekwoaba', 'peter filipovity', 'kristians feierbergs']"
10:27:00,"kristians feierbergs, 2pt turnaroundjumpshot pointsinthepaint;  missed",34,63,"['byron ireland', ""ja'shonte wright-mcleish"", 'sam ihekwoaba', 'peter filipovity', 'kristians feierbergs']"
10:24:00,"nahiem alleyne, rebound defensive   ",34,63,"['byron ireland', ""ja'shonte wright-mcleish"", 'sam ihekwoaba', 'peter filipovity', 'kristians feierbergs']"
10:15:00,"nahiem alleyne, 2pt jumpshot   made",34,65,"['byron ireland', ""ja'shonte wright-mcleish"", 'sam ihekwoaba', 'peter filipovity', 'kristians feierbergs']"
09:58:00,"maks klanjscek, foulon    ",34,65,"['byron ireland', ""ja'shonte wright-mcleish"", 'sam ihekwoaba', 'peter filipovity', 'kristians feierbergs']"
09:58:00,"sean pedulla, foul personal   ",34,65,"['byron ireland', ""ja'shonte wright-mcleish"", 'sam ihekwoaba', 'peter filipovity', 'kristians feierbergs']"
09:58:00,"sean pedulla, substitution out   ",34,65,"['byron ireland', ""ja'shonte wright-mcleish"", 'sam ihekwoaba', 'peter filipovity', 'kristians feierbergs']"
09:58:00,"storm murphy, substitution in   ",34,65,"['byron ireland', ""ja'shonte wright-mcleish"", 'sam ihekwoaba', 'peter filipovity', 'kristians feierbergs']"
09:58:00,"keve aluma, substitution out   ",34,65,"['byron ireland', ""ja'shonte wright-mcleish"", 'sam ihekwoaba', 'peter filipovity', 'kristians feierbergs']"
09:58:00,"justyn mutts, substitution out   ",34,65,"['byron ireland', ""ja'shonte wright-mcleish"", 'sam ihekwoaba', 'peter filipovity', 'kristians feierbergs']"
09:58:00,"david n'guessan, substitution in   ",34,65,"['byron ireland', ""ja'shonte wright-mcleish"", 'sam ihekwoaba', 'peter filipovity', 'kristians feierbergs']"
09:58:00,"jalen haynes, substitution in   ",34,65,"['byron ireland', ""ja'shonte wright-mcleish"", 'sam ihekwoaba', 'peter filipovity', 'kristians feierbergs']"
09:58:00,"lechaun duhart, substitution in   ",34,65,"['byron ireland', ""ja'shonte wright-mcleish"", 'sam ihekwoaba', 'peter filipovity', 'kristians feierbergs']"
09:58:00,"vukasin masic, substitution out   ",34,65,"['byron ireland', ""ja'shonte wright-mcleish"", 'sam ihekwoaba', 'peter filipovity', 'kristians feierbergs']"
09:58:00,"maks klanjscek, substitution out   ",34,65,"['byron ireland', ""ja'shonte wright-mcleish"", 'sam ihekwoaba', 'peter filipovity', 'kristians feierbergs']"
09:58:00,"byron ireland, substitution in   ",34,65,"['byron ireland', ""ja'shonte wright-mcleish"", 'sam ihekwoaba', 'peter filipovity', 'kristians feierbergs']"
09:51:00,"lechaun duhart, 2pt jumpshot   missed",34,65,"['byron ireland', ""ja'shonte wright-mcleish"", 'sam ihekwoaba', 'peter filipovity', 'kristians feierbergs']"
09:51:00,"milos nenadic, rebound offensive   ",34,65,"['byron ireland', ""ja'shonte wright-mcleish"", 'sam ihekwoaba', 'peter filipovity', 'kristians feierbergs']"
09:51:00,"milos nenadic, freethrow 1of1 2ndchance;  made",37,65,"['byron ireland', ""ja'shonte wright-mcleish"", 'sam ihekwoaba', 'peter filipovity', 'kristians feierbergs']"
09:51:00,"peter filipovity, substitution in   ",37,65,"['byron ireland', ""ja'shonte wright-mcleish"", 'sam ihekwoaba', 'peter filipovity', 'kristians feierbergs']"
09:51:00,"kristians feierbergs, substitution out   ",37,65,"['byron ireland', ""ja'shonte wright-mcleish"", 'sam ihekwoaba', 'peter filipovity', 'kristians feierbergs']"
09:51:00,"team, timeout short   ",34,65,"['byron ireland', ""ja'shonte wright-mcleish"", 'sam ihekwoaba', 'peter filipovity', 'kristians feierbergs']"
09:51:00,"john ojiako, substitution in   ",36,65,"['byron ireland', ""ja'shonte wright-mcleish"", 'sam ihekwoaba', 'peter filipovity', 'kristians feierbergs']"
09:51:00,"milos nenadic, foulon    ",36,65,"['byron ireland', ""ja'shonte wright-mcleish"", 'sam ihekwoaba', 'peter filipovity', 'kristians feierbergs']"
09:51:00,"jalen haynes, foul personal shooting;1freethrow;  ",36,65,"['byron ireland', ""ja'shonte wright-mcleish"", 'sam ihekwoaba', 'peter filipovity', 'kristians feierbergs']"
09:51:00,"kristians feierbergs, assist    ",36,65,"['byron ireland', ""ja'shonte wright-mcleish"", 'sam ihekwoaba', 'peter filipovity', 'kristians feierbergs']"
09:51:00,"jalen haynes, substitution out   ",36,65,"['byron ireland', ""ja'shonte wright-mcleish"", 'sam ihekwoaba', 'peter filipovity', 'kristians feierbergs']"
09:51:00,"milos nenadic, 2pt layup 2ndchance;pointsinthepaint;  made",36,65,"['byron ireland', ""ja'shonte wright-mcleish"", 'sam ihekwoaba', 'peter filipovity', 'kristians feierbergs']"
09:51:00,"sam ihekwoaba, foulon    ",34,65,"['byron ireland', ""ja'shonte wright-mcleish"", 'sam ihekwoaba', 'peter filipovity', 'kristians feierbergs']"
09:51:00,"darius maddox, foul personal   ",34,65,"['byron ireland', ""ja'shonte wright-mcleish"", 'sam ihekwoaba', 'peter filipovity', 'kristians feierbergs']"
09:31:00,"darius maddox, 2pt drivinglayup pointsinthepaint;  missed",37,65,"['byron ireland', ""ja'shonte wright-mcleish"", 'sam ihekwoaba', 'peter filipovity', 'kristians feierbergs']"
09:29:00,"team, rebound offensive team;  ",37,65,"['byron ireland', ""ja'shonte wright-mcleish"", 'sam ihekwoaba', 'peter filipovity', 'kristians feierbergs']"
09:29:00,"john ojiako, 2pt layup 2ndchance;pointsinthepaint;  missed",37,65,"['byron ireland', ""ja'shonte wright-mcleish"", 'sam ihekwoaba', 'peter filipovity', 'kristians feierbergs']"
09:29:00,"john ojiako, rebound offensive   ",37,65,"['byron ireland', ""ja'shonte wright-mcleish"", 'sam ihekwoaba', 'peter filipovity', 'kristians feierbergs']"
09:27:00,"storm murphy, assist    ",37,68,"['byron ireland', ""ja'shonte wright-mcleish"", 'sam ihekwoaba', 'peter filipovity', 'kristians feierbergs']"
09:27:00,"nahiem alleyne, 3pt jumpshot 2ndchance;  made",37,68,"['byron ireland', ""ja'shonte wright-mcleish"", 'sam ihekwoaba', 'peter filipovity', 'kristians feierbergs']"
09:21:00,"sam ihekwoaba, substitution out   ",37,68,"['byron ireland', ""ja'shonte wright-mcleish"", 'sam ihekwoaba', 'peter filipovity', 'kristians feierbergs']"
09:21:00,"maks klanjscek, substitution in   ",37,68,"['byron ireland', ""ja'shonte wright-mcleish"", 'sam ihekwoaba', 'peter filipovity', 'kristians feierbergs']"
09:20:00,"maks klanjscek, 2pt jumpshot   missed",37,68,"['byron ireland', ""ja'shonte wright-mcleish"", 'sam ihekwoaba', 'peter filipovity', 'kristians feierbergs']"
09:16:00,"byron ireland, rebound offensive   ",37,68,"['byron ireland', ""ja'shonte wright-mcleish"", 'sam ihekwoaba', 'peter filipovity', 'kristians feierbergs']"
09:15:00,"byron ireland, 2pt layup 2ndchance;pointsinthepaint;  missed",37,68,"['byron ireland', ""ja'shonte wright-mcleish"", 'sam ihekwoaba', 'peter filipovity', 'kristians feierbergs']"
09:14:00,"storm murphy, substitution out   ",37,68,"['byron ireland', ""ja'shonte wright-mcleish"", 'sam ihekwoaba', 'peter filipovity', 'kristians feierbergs']"
09:14:00,"team, rebound defensivedeadball   ",37,68,"['byron ireland', ""ja'shonte wright-mcleish"", 'sam ihekwoaba', 'peter filipovity', 'kristians feierbergs']"
09:14:00,"hunter cattoor, substitution in   ",37,68,"['byron ireland', ""ja'shonte wright-mcleish"", 'sam ihekwoaba', 'peter filipovity', 'kristians feierbergs']"
09:14:00,"byron ireland, foul personal   ",37,68,"['byron ireland', ""ja'shonte wright-mcleish"", 'sam ihekwoaba', 'peter filipovity', 'kristians feierbergs']"
09:14:00,"john ojiako, foulon    ",37,68,"['byron ireland', ""ja'shonte wright-mcleish"", 'sam ihekwoaba', 'peter filipovity', 'kristians feierbergs']"
08:49:00,"darius maddox, turnover lostball   ",37,68,"['byron ireland', ""ja'shonte wright-mcleish"", 'sam ihekwoaba', 'peter filipovity', 'kristians feierbergs']"
08:45:00,"milos nenadic, turnover badpass   ",37,68,"['byron ireland', ""ja'shonte wright-mcleish"", 'sam ihekwoaba', 'peter filipovity', 'kristians feierbergs']"
08:42:00,"darius maddox, 2pt jumpshot fromturnover;  missed",37,68,"['byron ireland', ""ja'shonte wright-mcleish"", 'sam ihekwoaba', 'peter filipovity', 'kristians feierbergs']"
08:39:00,"maks klanjscek, rebound defensive   ",37,68,"['byron ireland', ""ja'shonte wright-mcleish"", 'sam ihekwoaba', 'peter filipovity', 'kristians feierbergs']"
08:30:00,"byron ireland, 2pt drivinglayup pointsinthepaint;  made",39,68,"['byron ireland', ""ja'shonte wright-mcleish"", 'sam ihekwoaba', 'peter filipovity', 'kristians feierbergs']"
08:01:00,"john ojiako, 2pt jumpshot pointsinthepaint;  made",39,70,"['byron ireland', ""ja'shonte wright-mcleish"", 'sam ihekwoaba', 'peter filipovity', 'kristians feierbergs']"
07:43:00,"lechaun duhart, turnover offensive   ",39,70,"['byron ireland', ""ja'shonte wright-mcleish"", 'sam ihekwoaba', 'peter filipovity', 'kristians feierbergs']"
07:43:00,"peter filipovity, substitution out   ",39,70,"['byron ireland', ""ja'shonte wright-mcleish"", 'sam ihekwoaba', 'peter filipovity', 'kristians feierbergs']"
07:43:00,"stephane ingo, substitution in   ",39,70,"['byron ireland', ""ja'shonte wright-mcleish"", 'sam ihekwoaba', 'peter filipovity', 'kristians feierbergs']"
07:43:00,"kristians feierbergs, substitution in   ",39,70,"['byron ireland', ""ja'shonte wright-mcleish"", 'sam ihekwoaba', 'peter filipovity', 'kristians feierbergs']"
07:43:00,"nahiem alleyne, foulon    ",39,70,"['byron ireland', ""ja'shonte wright-mcleish"", 'sam ihekwoaba', 'peter filipovity', 'kristians feierbergs']"
07:43:00,"milos nenadic, substitution out   ",39,70,"['byron ireland', ""ja'shonte wright-mcleish"", 'sam ihekwoaba', 'peter filipovity', 'kristians feierbergs']"
07:43:00,"lechaun duhart, foul offensive   ",39,70,"['byron ireland', ""ja'shonte wright-mcleish"", 'sam ihekwoaba', 'peter filipovity', 'kristians feierbergs']"
07:34:00,"nahiem alleyne, turnover lostball   ",39,70,"['byron ireland', ""ja'shonte wright-mcleish"", 'sam ihekwoaba', 'peter filipovity', 'kristians feierbergs']"
07:34:00,"byron ireland, steal    ",39,70,"['byron ireland', ""ja'shonte wright-mcleish"", 'sam ihekwoaba', 'peter filipovity', 'kristians feierbergs']"
07:10:00,"lechaun duhart, 2pt stepbackjumpshot fromturnover;  made",41,70,"['byron ireland', ""ja'shonte wright-mcleish"", 'sam ihekwoaba', 'peter filipovity', 'kristians feierbergs']"
06:43:00,"david n'guessan, 3pt jumpshot   made",41,73,"['byron ireland', ""ja'shonte wright-mcleish"", 'sam ihekwoaba', 'peter filipovity', 'kristians feierbergs']"
06:43:00,"nahiem alleyne, assist    ",41,73,"['byron ireland', ""ja'shonte wright-mcleish"", 'sam ihekwoaba', 'peter filipovity', 'kristians feierbergs']"
06:15:00,"lechaun duhart, 3pt jumpshot   missed",41,73,"['byron ireland', ""ja'shonte wright-mcleish"", 'sam ihekwoaba', 'peter filipovity', 'kristians feierbergs']"
06:11:00,"darius maddox, rebound defensive   ",41,73,"['byron ireland', ""ja'shonte wright-mcleish"", 'sam ihekwoaba', 'peter filipovity', 'kristians feierbergs']"
05:58:00,"nahiem alleyne, 3pt jumpshot   missed",41,73,"['byron ireland', ""ja'shonte wright-mcleish"", 'sam ihekwoaba', 'peter filipovity', 'kristians feierbergs']"
05:57:00,"team, rebound defensive team;  ",41,73,"['byron ireland', ""ja'shonte wright-mcleish"", 'sam ihekwoaba', 'peter filipovity', 'kristians feierbergs']"
05:57:00,"sean pedulla, substitution in   ",41,73,"['byron ireland', ""ja'shonte wright-mcleish"", 'sam ihekwoaba', 'peter filipovity', 'kristians feierbergs']"
05:57:00,"nahiem alleyne, substitution out   ",41,73,"['byron ireland', ""ja'shonte wright-mcleish"", 'sam ihekwoaba', 'peter filipovity', 'kristians feierbergs']"
05:36:00,"kristians feierbergs, 2pt jumpshot pointsinthepaint;  missed",41,73,"['byron ireland', ""ja'shonte wright-mcleish"", 'sam ihekwoaba', 'peter filipovity', 'kristians feierbergs']"
05:33:00,"john ojiako, rebound defensive   ",41,73,"['byron ireland', ""ja'shonte wright-mcleish"", 'sam ihekwoaba', 'peter filipovity', 'kristians feierbergs']"
05:18:00,"darius maddox, 2pt pullupjumpshot   made",41,75,"['byron ireland', ""ja'shonte wright-mcleish"", 'sam ihekwoaba', 'peter filipovity', 'kristians feierbergs']"
05:04:00,"maks klanjscek, 2pt jumpshot   missed",41,75,"['byron ireland', ""ja'shonte wright-mcleish"", 'sam ihekwoaba', 'peter filipovity', 'kristians feierbergs']"
04:59:00,"sean pedulla, rebound defensive   ",41,75,"['byron ireland', ""ja'shonte wright-mcleish"", 'sam ihekwoaba', 'peter filipovity', 'kristians feierbergs']"
04:56:00,"ja'shonte wright-mcleish, substitution in   ",41,75,"['byron ireland', ""ja'shonte wright-mcleish"", 'sam ihekwoaba', 'peter filipovity', 'kristians feierbergs']"
04:56:00,"jalen haynes, substitution in   ",41,75,"['byron ireland', ""ja'shonte wright-mcleish"", 'sam ihekwoaba', 'peter filipovity', 'kristians feierbergs']"
04:56:00,"lechaun duhart, substitution out   ",41,75,"['byron ireland', ""ja'shonte wright-mcleish"", 'sam ihekwoaba', 'peter filipovity', 'kristians feierbergs']"
04:56:00,"john ojiako, substitution out   ",41,75,"['byron ireland', ""ja'shonte wright-mcleish"", 'sam ihekwoaba', 'peter filipovity', 'kristians feierbergs']"
04:56:00,"maks klanjscek, substitution out   ",41,75,"['byron ireland', ""ja'shonte wright-mcleish"", 'sam ihekwoaba', 'peter filipovity', 'kristians feierbergs']"
04:56:00,"peter filipovity, substitution in   ",41,75,"['byron ireland', ""ja'shonte wright-mcleish"", 'sam ihekwoaba', 'peter filipovity', 'kristians feierbergs']"
04:42:00,"darius maddox, turnover lostball   ",41,75,"['byron ireland', ""ja'shonte wright-mcleish"", 'sam ihekwoaba', 'peter filipovity', 'kristians feierbergs']"
04:16:00,"milos nenadic, substitution in   ",41,75,"['byron ireland', ""ja'shonte wright-mcleish"", 'sam ihekwoaba', 'peter filipovity', 'kristians feierbergs']"
04:16:00,"stephane ingo, turnover badpass   ",41,75,"['byron ireland', ""ja'shonte wright-mcleish"", 'sam ihekwoaba', 'peter filipovity', 'kristians feierbergs']"
04:16:00,"kristians feierbergs, substitution out   ",41,75,"['byron ireland', ""ja'shonte wright-mcleish"", 'sam ihekwoaba', 'peter filipovity', 'kristians feierbergs']"
03:57:00,"david n'guessan, 2pt drivinglayup fromturnover;pointsinthepaint;  made",41,77,"['byron ireland', ""ja'shonte wright-mcleish"", 'sam ihekwoaba', 'peter filipovity', 'kristians feierbergs']"
03:40:00,"lynn kidd, substitution in   ",41,77,"['byron ireland', ""ja'shonte wright-mcleish"", 'sam ihekwoaba', 'peter filipovity', 'kristians feierbergs']"
03:40:00,"peter filipovity, turnover travel   ",41,77,"['byron ireland', ""ja'shonte wright-mcleish"", 'sam ihekwoaba', 'peter filipovity', 'kristians feierbergs']"
03:40:00,"david n'guessan, substitution out   ",41,77,"['byron ireland', ""ja'shonte wright-mcleish"", 'sam ihekwoaba', 'peter filipovity', 'kristians feierbergs']"
03:40:00,"peter filipovity, substitution out   ",41,77,"['byron ireland', ""ja'shonte wright-mcleish"", 'sam ihekwoaba', 'peter filipovity', 'kristians feierbergs']"
03:40:00,"sam ihekwoaba, substitution in   ",41,77,"['byron ireland', ""ja'shonte wright-mcleish"", 'sam ihekwoaba', 'peter filipovity', 'kristians feierbergs']"
03:28:00,"sean pedulla, 2pt pullupjumpshot fromturnover;  missed",41,77,"['byron ireland', ""ja'shonte wright-mcleish"", 'sam ihekwoaba', 'peter filipovity', 'kristians feierbergs']"
03:26:00,"sean pedulla, rebound offensive   ",41,77,"['byron ireland', ""ja'shonte wright-mcleish"", 'sam ihekwoaba', 'peter filipovity', 'kristians feierbergs']"
03:25:00,"lynn kidd, 2pt layup 2ndchance;fromturnover;pointsinthepaint;  missed",41,77,"['byron ireland', ""ja'shonte wright-mcleish"", 'sam ihekwoaba', 'peter filipovity', 'kristians feierbergs']"
03:25:00,"ja'shonte wright-mcleish, foul personal   ",41,77,"['byron ireland', ""ja'shonte wright-mcleish"", 'sam ihekwoaba', 'peter filipovity', 'kristians feierbergs']"
03:25:00,"lynn kidd, rebound offensive   ",41,77,"['byron ireland', ""ja'shonte wright-mcleish"", 'sam ihekwoaba', 'peter filipovity', 'kristians feierbergs']"
03:25:00,"lynn kidd, foulon    ",41,77,"['byron ireland', ""ja'shonte wright-mcleish"", 'sam ihekwoaba', 'peter filipovity', 'kristians feierbergs']"
03:25:00,"sean pedulla, 2pt jumpshot 2ndchance;fromturnover;pointsinthepaint;  missed",41,77,"['byron ireland', ""ja'shonte wright-mcleish"", 'sam ihekwoaba', 'peter filipovity', 'kristians feierbergs']"
03:25:00,"lynn kidd, rebound offensive   ",41,77,"['byron ireland', ""ja'shonte wright-mcleish"", 'sam ihekwoaba', 'peter filipovity', 'kristians feierbergs']"
03:13:00,"sean pedulla, 3pt jumpshot 2ndchance;fromturnover;  missed",41,77,"['byron ireland', ""ja'shonte wright-mcleish"", 'sam ihekwoaba', 'peter filipovity', 'kristians feierbergs']"
03:09:00,"milos nenadic, rebound defensive   ",41,77,"['byron ireland', ""ja'shonte wright-mcleish"", 'sam ihekwoaba', 'peter filipovity', 'kristians feierbergs']"
02:46:00,"byron ireland, assist    ",43,77,"['byron ireland', ""ja'shonte wright-mcleish"", 'sam ihekwoaba', 'peter filipovity', 'kristians feierbergs']"
02:46:00,"stephane ingo, 2pt jumpshot   made",43,77,"['byron ireland', ""ja'shonte wright-mcleish"", 'sam ihekwoaba', 'peter filipovity', 'kristians feierbergs']"
02:30:00,"hunter cattoor, assist    ",43,80,"['byron ireland', ""ja'shonte wright-mcleish"", 'sam ihekwoaba', 'peter filipovity', 'kristians feierbergs']"
02:30:00,"sean pedulla, 3pt jumpshot   made",43,80,"['byron ireland', ""ja'shonte wright-mcleish"", 'sam ihekwoaba', 'peter filipovity', 'kristians feierbergs']"
02:11:00,"byron ireland, turnover badpass   ",43,80,"['byron ireland', ""ja'shonte wright-mcleish"", 'sam ihekwoaba', 'peter filipovity', 'kristians feierbergs']"
02:05:00,"ben varga, substitution in   ",43,82,"['byron ireland', ""ja'shonte wright-mcleish"", 'sam ihekwoaba', 'peter filipovity', 'kristians feierbergs']"
02:05:00,"milos nenadic, substitution out   ",43,82,"['byron ireland', ""ja'shonte wright-mcleish"", 'sam ihekwoaba', 'peter filipovity', 'kristians feierbergs']"
02:05:00,"peter filipovity, substitution in   ",43,82,"['byron ireland', ""ja'shonte wright-mcleish"", 'sam ihekwoaba', 'peter filipovity', 'kristians feierbergs']"
02:05:00,"team, timeout short   ",43,82,"['byron ireland', ""ja'shonte wright-mcleish"", 'sam ihekwoaba', 'peter filipovity', 'kristians feierbergs']"
02:05:00,"camden johnson, substitution in   ",43,82,"['byron ireland', ""ja'shonte wright-mcleish"", 'sam ihekwoaba', 'peter filipovity', 'kristians feierbergs']"
02:05:00,"kristians feierbergs, substitution in   ",43,82,"['byron ireland', ""ja'shonte wright-mcleish"", 'sam ihekwoaba', 'peter filipovity', 'kristians feierbergs']"
02:05:00,"hunter cattoor, substitution out   ",43,82,"['byron ireland', ""ja'shonte wright-mcleish"", 'sam ihekwoaba', 'peter filipovity', 'kristians feierbergs']"
02:05:00,"darius maddox, 2pt drivinglayup fromturnover;pointsinthepaint;  made",43,82,"['byron ireland', ""ja'shonte wright-mcleish"", 'sam ihekwoaba', 'peter filipovity', 'kristians feierbergs']"
02:05:00,"darius maddox, substitution out   ",43,82,"['byron ireland', ""ja'shonte wright-mcleish"", 'sam ihekwoaba', 'peter filipovity', 'kristians feierbergs']"
02:05:00,"stephane ingo, substitution out   ",43,82,"['byron ireland', ""ja'shonte wright-mcleish"", 'sam ihekwoaba', 'peter filipovity', 'kristians feierbergs']"
01:47:00,"ja'shonte wright-mcleish, 3pt jumpshot   missed",43,82,"['byron ireland', ""ja'shonte wright-mcleish"", 'sam ihekwoaba', 'peter filipovity', 'kristians feierbergs']"
01:44:00,"lynn kidd, rebound defensive   ",43,82,"['byron ireland', ""ja'shonte wright-mcleish"", 'sam ihekwoaba', 'peter filipovity', 'kristians feierbergs']"
01:34:00,"lynn kidd, turnover lostball   ",43,82,"['byron ireland', ""ja'shonte wright-mcleish"", 'sam ihekwoaba', 'peter filipovity', 'kristians feierbergs']"
01:31:00,"ja'shonte wright-mcleish, turnover badpass   ",43,82,"['byron ireland', ""ja'shonte wright-mcleish"", 'sam ihekwoaba', 'peter filipovity', 'kristians feierbergs']"
01:14:00,"team, jumpball heldball   ",43,82,"['byron ireland', ""ja'shonte wright-mcleish"", 'sam ihekwoaba', 'peter filipovity', 'kristians feierbergs']"
01:09:00,"kristians feierbergs, steal    ",43,82,"['byron ireland', ""ja'shonte wright-mcleish"", 'sam ihekwoaba', 'peter filipovity', 'kristians feierbergs']"
01:09:00,"lynn kidd, turnover lostball   ",43,82,"['byron ireland', ""ja'shonte wright-mcleish"", 'sam ihekwoaba', 'peter filipovity', 'kristians feierbergs']"
00:59:50,"byron ireland, 2pt jumpshot fromturnover;  made",45,82,"['byron ireland', ""ja'shonte wright-mcleish"", 'sam ihekwoaba', 'peter filipovity', 'kristians feierbergs']"
00:59:50,"sam ihekwoaba, assist    ",45,82,"['byron ireland', ""ja'shonte wright-mcleish"", 'sam ihekwoaba', 'peter filipovity', 'kristians feierbergs']"
00:49:20,"jalen haynes, foulon    ",45,82,"['byron ireland', ""ja'shonte wright-mcleish"", 'sam ihekwoaba', 'peter filipovity', 'kristians feierbergs']"
00:49:20,"jalen haynes, freethrow 1of1   missed",45,82,"['byron ireland', ""ja'shonte wright-mcleish"", 'sam ihekwoaba', 'peter filipovity', 'kristians feierbergs']"
00:49:20,"peter filipovity, foul personal oneandone;  ",45,82,"['byron ireland', ""ja'shonte wright-mcleish"", 'sam ihekwoaba', 'peter filipovity', 'kristians feierbergs']"
00:47:20,"peter filipovity, rebound defensive   ",45,82,"['byron ireland', ""ja'shonte wright-mcleish"", 'sam ihekwoaba', 'peter filipovity', 'kristians feierbergs']"
00:29:20,"kristians feierbergs, 2pt hookshot pointsinthepaint;  made",47,82,"['byron ireland', ""ja'shonte wright-mcleish"", 'sam ihekwoaba', 'peter filipovity', 'kristians feierbergs']"
